co_siorg_n05,ds_siorg_n05,co_siorg_n06,ds_siorg_n06,co_siorg_n07,ds_siorg_n07,me_referencia,an_referencia,sg_mes_completo,me_emissao,an_emissao,co_situacao_icc,no_situacao_icc,id_natureza_juridica_siorg,ds_natureza_juridica_siorg,id_categoria_economica_nade,id_grupo_despesa_nade,id_moap_nade,id_elemento_despesa_nade,id_subitem_nade,co_natureza_despesa_deta,no_natureza_despesa_deta,id_esfera_orcamentaria,no_esfera_orcamentaria,id_in_resultado_eof,no_in_resultado_eof,va_custo
244,MINISTERIO DA EDUCACAO,122386,UNIVERSIDADE FEDERAL DO OESTE DA BAHIA,-9,NAO SE APLICA,2,2021,FEV/2021,2,2021,EST001,DEVOLUCAO DE OB CANCELADA COM ESTORNO DA DESPESA PAGA. ESTORNO DE VPD.,4,AUTARQUIA,3,3,90,18,1,33901801,BOLSAS DE ESTUDO NO PAIS,1,ORCAMENTO FISCAL,2,PRIMARIO DISCRICIONARIO,-1248.6
244,MINISTERIO DA EDUCACAO,94430,"INSTITUTO FEDERAL DE EDUCACAO, CIENCIA E TECNOLOGIA DE BRASILIA",95233,CAMPUS TAGUATINGA,12,2021,FEV/2021,2,2021,EST001,DEVOLUCAO DE OB CANCELADA COM ESTORNO DA DESPESA PAGA. ESTORNO DE VPD.,4,AUTARQUIA,3,3,90,18,1,33901801,BOLSAS DE ESTUDO NO PAIS,1,ORCAMENTO FISCAL,2,PRIMARIO DISCRICIONARIO,-1332.0
244,MINISTERIO DA EDUCACAO,420,UNIVERSIDADE FEDERAL DE ALAGOAS,-9,NAO SE APLICA,1,2021,MAR/2021,3,2021,EST001,DEVOLUCAO DE OB CANCELADA COM ESTORNO DA DESPESA PAGA. ESTORNO DE VPD.,4,AUTARQUIA,3,3,90,18,1,33901801,BOLSAS DE ESTUDO NO PAIS,1,ORCAMENTO FISCAL,2,PRIMARIO DISCRICIONARIO,-1550.0
244,MINISTERIO DA EDUCACAO,422,UNIVERSIDADE FEDERAL DE GOIAS,-9,NAO SE APLICA,1,2021,MAR/2021,3,2021,EST001,DEVOLUCAO DE OB CANCELADA COM ESTORNO DA DESPESA PAGA. ESTORNO DE VPD.,4,AUTARQUIA,3,3,90,18,1,33901801,BOLSAS DE ESTUDO NO PAIS,1,ORCAMENTO FISCAL,2,PRIMARIO DISCRICIONARIO,-6750.0
244,MINISTERIO DA EDUCACAO,429,UNIVERSIDADE FEDERAL DE SANTA CATARINA,14994,CENTRO DE CIENCIAS DA EDUCACAO,1,2021,MAR/2021,3,2021,EST001,DEVOLUCAO DE OB CANCELADA COM ESTORNO DA DESPESA PAGA. ESTORNO DE VPD.,4,AUTARQUIA,3,3,90,18,1,33901801,BOLSAS DE ESTUDO NO PAIS,1,ORCAMENTO FISCAL,2,PRIMARIO DISCRICIONARIO,-100.0
244,MINISTERIO DA EDUCACAO,430,UNIVERSIDADE FEDERAL DO RIO GRANDE DO SUL,-9,NAO SE APLICA,1,2021,MAR/2021,3,2021,EST001,DEVOLUCAO DE OB CANCELADA COM ESTORNO DA DESPESA PAGA. ESTORNO DE VPD.,4,AUTARQUIA,3,3,90,18,1,33901801,BOLSAS DE ESTUDO NO PAIS,1,ORCAMENTO FISCAL,2,PRIMARIO DISCRICIONARIO,-5800.0
244,MINISTERIO DA EDUCACAO,434,"INSTITUTO FEDERAL DE EDUCACAO, CIENCIA E TECNOLOGIA DO PIAUI",-9,NAO SE APLICA,1,2021,MAR/2021,3,2021,EST001,DEVOLUCAO DE OB CANCELADA COM ESTORNO DA DESPESA PAGA. ESTORNO DE VPD.,4,AUTARQUIA,3,3,90,18,1,33901801,BOLSAS DE ESTUDO NO PAIS,1,ORCAMENTO FISCAL,2,PRIMARIO DISCRICIONARIO,-2975.0
244,MINISTERIO DA EDUCACAO,434,"INSTITUTO FEDERAL DE EDUCACAO, CIENCIA E TECNOLOGIA DO PIAUI",100894,CAMPUS TERESINA ZONA SUL,1,2021,MAR/2021,3,2021,EST001,DEVOLUCAO DE OB CANCELADA COM ESTORNO DA DESPESA PAGA. ESTORNO DE VPD.,4,AUTARQUIA,3,3,90,18,1,33901801,BOLSAS DE ESTUDO NO PAIS,1,ORCAMENTO FISCAL,2,PRIMARIO DISCRICIONARIO,-20600.0
244,MINISTERIO DA EDUCACAO,445,CENTRO FEDERAL DE EDUCACAO TECNOLOGICA DE MINAS GERAIS,-9,NAO SE APLICA,1,2021,MAR/2021,3,2021,EST001,DEVOLUCAO DE OB CANCELADA COM ESTORNO DA DESPESA PAGA. ESTORNO DE VPD.,4,AUTARQUIA,3,3,90,18,1,33901801,BOLSAS DE ESTUDO NO PAIS,1,ORCAMENTO FISCAL,2,PRIMARIO DISCRICIONARIO,-400.0
244,MINISTERIO DA EDUCACAO,451,"INSTITUTO FEDERAL DE EDUCACAO, CIENCIA E TECNOLOGIA DE GOIAS",-9,NAO SE APLICA,1,2021,MAR/2021,3,2021,EST001,DEVOLUCAO DE OB CANCELADA COM ESTORNO DA DESPESA PAGA. ESTORNO DE VPD.,4,AUTARQUIA,3,3,90,18,1,33901801,BOLSAS DE ESTUDO NO PAIS,1,ORCAMENTO FISCAL,2,PRIMARIO DISCRICIONARIO,-10260.0
244,MINISTERIO DA EDUCACAO,453,"INSTITUTO FEDERAL DE EDUCACAO, CIENCIA E TECNOLOGIA DE SAO PAULO",103823,CAMPUS ARARAQUARA,1,2021,MAR/2021,3,2021,EST001,DEVOLUCAO DE OB CANCELADA COM ESTORNO DA DESPESA PAGA. ESTORNO DE VPD.,4,AUTARQUIA,3,3,90,18,1,33901801,BOLSAS DE ESTUDO NO PAIS,1,ORCAMENTO FISCAL,2,PRIMARIO DISCRICIONARIO,-100.0
244,MINISTERIO DA EDUCACAO,453,"INSTITUTO FEDERAL DE EDUCACAO, CIENCIA E TECNOLOGIA DE SAO PAULO",104953,CAMPUS HORTOLANDIA,1,2021,MAR/2021,3,2021,EST001,DEVOLUCAO DE OB CANCELADA COM ESTORNO DA DESPESA PAGA. ESTORNO DE VPD.,4,AUTARQUIA,3,3,90,18,1,33901801,BOLSAS DE ESTUDO NO PAIS,1,ORCAMENTO FISCAL,2,PRIMARIO DISCRICIONARIO,-100.0
244,MINISTERIO DA EDUCACAO,464,UNIVERSIDADE FEDERAL DE SAO PAULO,-9,NAO SE APLICA,1,2021,MAR/2021,3,2021,EST001,DEVOLUCAO DE OB CANCELADA COM ESTORNO DA DESPESA PAGA. ESTORNO DE VPD.,4,AUTARQUIA,3,3,90,18,1,33901801,BOLSAS DE ESTUDO NO PAIS,1,ORCAMENTO FISCAL,2,PRIMARIO DISCRICIONARIO,-400.0
244,MINISTERIO DA EDUCACAO,100916,"INSTITUTO FEDERAL DE EDUCACAO, CIENCIA E TECNOLOGIA DE MATO GROSSO",214562,CAMPUS AVANCADO SINOP,1,2021,JAN/2021,1,2021,DVL081,DEVOLUCAO DE DESPESAS COM DIARIAS,4,AUTARQUIA,3,3,90,14,14,33901414,DIARIAS NO PAIS,1,ORCAMENTO FISCAL,2,PRIMARIO DISCRICIONARIO,-380.04
2846,MINISTERIO DA INFRAESTRUTURA,54793,AGENCIA NACIONAL DE TRANSPORTES TERRESTRES,-9,NAO SE APLICA,1,2021,JAN/2021,1,2021,DVL081,DEVOLUCAO DE DESPESAS COM DIARIAS,4,AUTARQUIA,3,3,90,14,14,33901414,DIARIAS NO PAIS,1,ORCAMENTO FISCAL,2,PRIMARIO DISCRICIONARIO,-2938.26
2846,MINISTERIO DA INFRAESTRUTURA,86144,AGENCIA NACIONAL DE AVIACAO CIVIL,-9,NAO SE APLICA,1,2021,JAN/2021,1,2021,DVL081,DEVOLUCAO DE DESPESAS COM DIARIAS,4,AUTARQUIA,3,3,90,14,14,33901414,DIARIAS NO PAIS,1,ORCAMENTO FISCAL,2,PRIMARIO DISCRICIONARIO,-1607.83
2846,MINISTERIO DA INFRAESTRUTURA,86144,AGENCIA NACIONAL DE AVIACAO CIVIL,86556,SUPERINTENDENCIA DE PADROES OPERACIONAIS,1,2021,JAN/2021,1,2021,DVL081,DEVOLUCAO DE DESPESAS COM DIARIAS,4,AUTARQUIA,3,3,90,14,14,33901414,DIARIAS NO PAIS,1,ORCAMENTO FISCAL,2,PRIMARIO DISCRICIONARIO,-631.22
244,MINISTERIO DA EDUCACAO,249,INSTITUTO NACIONAL DE ESTUDOS E PESQUISAS EDUCACIONAIS ANISIO TEIXEIRA,-9,NAO SE APLICA,1,2021,FEV/2021,2,2021,DVL081,DEVOLUCAO DE DESPESAS COM DIARIAS,4,AUTARQUIA,3,3,90,14,14,33901414,DIARIAS NO PAIS,1,ORCAMENTO FISCAL,2,PRIMARIO DISCRICIONARIO,-575.68
244,MINISTERIO DA EDUCACAO,100920,"INSTITUTO FEDERAL DE EDUCACAO, CIENCIA E TECNOLOGIA BAIANO",-9,NAO SE APLICA,1,2021,FEV/2021,2,2021,DVL081,DEVOLUCAO DE DESPESAS COM DIARIAS,4,AUTARQUIA,3,3,90,14,14,33901414,DIARIAS NO PAIS,1,ORCAMENTO FISCAL,2,PRIMARIO DISCRICIONARIO,-1334.13
1927,MINISTERIO DO MEIO AMBIENTE,1812,INSTITUTO BRASILEIRO DO MEIO AMBIENTE E DOS RECURSOS NATURAIS RENOVAVEIS,48158,SUPERINTENDENCIA DO IBAMA NO PARA,1,2021,FEV/2021,2,2021,DVL081,DEVOLUCAO DE DESPESAS COM DIARIAS,4,AUTARQUIA,3,3,90,14,14,33901414,DIARIAS NO PAIS,1,ORCAMENTO FISCAL,2,PRIMARIO DISCRICIONARIO,-645.54
2846,MINISTERIO DA INFRAESTRUTURA,54793,AGENCIA NACIONAL DE TRANSPORTES TERRESTRES,-9,NAO SE APLICA,1,2021,FEV/2021,2,2021,DVL081,DEVOLUCAO DE DESPESAS COM DIARIAS,4,AUTARQUIA,3,3,90,14,14,33901414,DIARIAS NO PAIS,1,ORCAMENTO FISCAL,2,PRIMARIO DISCRICIONARIO,-185.36
2846,MINISTERIO DA INFRAESTRUTURA,86144,AGENCIA NACIONAL DE AVIACAO CIVIL,-9,NAO SE APLICA,1,2021,FEV/2021,2,2021,DVL081,DEVOLUCAO DE DESPESAS COM DIARIAS,4,AUTARQUIA,3,3,90,14,14,33901414,DIARIAS NO PAIS,1,ORCAMENTO FISCAL,2,PRIMARIO DISCRICIONARIO,-270.72
2846,MINISTERIO DA INFRAESTRUTURA,86144,AGENCIA NACIONAL DE AVIACAO CIVIL,86556,SUPERINTENDENCIA DE PADROES OPERACIONAIS,1,2021,FEV/2021,2,2021,DVL081,DEVOLUCAO DE DESPESAS COM DIARIAS,4,AUTARQUIA,3,3,90,14,14,33901414,DIARIAS NO PAIS,1,ORCAMENTO FISCAL,2,PRIMARIO DISCRICIONARIO,-1065.28
244,MINISTERIO DA EDUCACAO,444,"INSTITUTO FEDERAL DE EDUCACAO, CIENCIA E TECNOLOGIA DA BAHIA",-9,NAO SE APLICA,2,2021,MAR/2021,3,2021,DSP001,AQUISICAO DE SERVICOS - PESSOAS JURIDICAS,4,AUTARQUIA,3,3,90,39,83,33903983,SERVICOS DE COPIAS E REPRODUCAO DE DOCUMENTOS,1,ORCAMENTO FISCAL,2,PRIMARIO DISCRICIONARIO,503.95
244,MINISTERIO DA EDUCACAO,444,"INSTITUTO FEDERAL DE EDUCACAO, CIENCIA E TECNOLOGIA DA BAHIA",68270,CAMPUS EUNAPOLIS,2,2021,MAR/2021,3,2021,DSP001,AQUISICAO DE SERVICOS - PESSOAS JURIDICAS,4,AUTARQUIA,3,3,90,39,83,33903983,SERVICOS DE COPIAS E REPRODUCAO DE DOCUMENTOS,1,ORCAMENTO FISCAL,2,PRIMARIO DISCRICIONARIO,15.88
244,MINISTERIO DA EDUCACAO,444,"INSTITUTO FEDERAL DE EDUCACAO, CIENCIA E TECNOLOGIA DA BAHIA",88903,CAMPUS SIMOES FILHO,2,2021,MAR/2021,3,2021,DSP001,AQUISICAO DE SERVICOS - PESSOAS JURIDICAS,4,AUTARQUIA,3,3,90,39,83,33903983,SERVICOS DE COPIAS E REPRODUCAO DE DOCUMENTOS,1,ORCAMENTO FISCAL,2,PRIMARIO DISCRICIONARIO,473.73
244,MINISTERIO DA EDUCACAO,444,"INSTITUTO FEDERAL DE EDUCACAO, CIENCIA E TECNOLOGIA DA BAHIA",105093,CAMPUS JEQUIE,2,2021,MAR/2021,3,2021,DSP001,AQUISICAO DE SERVICOS - PESSOAS JURIDICAS,4,AUTARQUIA,3,3,90,39,83,33903983,SERVICOS DE COPIAS E REPRODUCAO DE DOCUMENTOS,1,ORCAMENTO FISCAL,2,PRIMARIO DISCRICIONARIO,22.19
244,MINISTERIO DA EDUCACAO,444,"INSTITUTO FEDERAL DE EDUCACAO, CIENCIA E TECNOLOGIA DA BAHIA",105098,CAMPUS SEABRA,2,2021,MAR/2021,3,2021,DSP001,AQUISICAO DE SERVICOS - PESSOAS JURIDICAS,4,AUTARQUIA,3,3,90,39,83,33903983,SERVICOS DE COPIAS E REPRODUCAO DE DOCUMENTOS,1,ORCAMENTO FISCAL,2,PRIMARIO DISCRICIONARIO,19.35
244,MINISTERIO DA EDUCACAO,444,"INSTITUTO FEDERAL DE EDUCACAO, CIENCIA E TECNOLOGIA DA BAHIA",123837,CAMPUS BRUMADO,2,2021,MAR/2021,3,2021,DSP001,AQUISICAO DE SERVICOS - PESSOAS JURIDICAS,4,AUTARQUIA,3,3,90,39,83,33903983,SERVICOS DE COPIAS E REPRODUCAO DE DOCUMENTOS,1,ORCAMENTO FISCAL,2,PRIMARIO DISCRICIONARIO,204.62
244,MINISTERIO DA EDUCACAO,444,"INSTITUTO FEDERAL DE EDUCACAO, CIENCIA E TECNOLOGIA DA BAHIA",204784,CAMPUS EUCLIDES DA CUNHA,2,2021,MAR/2021,3,2021,DSP001,AQUISICAO DE SERVICOS - PESSOAS JURIDICAS,4,AUTARQUIA,3,3,90,39,83,33903983,SERVICOS DE COPIAS E REPRODUCAO DE DOCUMENTOS,1,ORCAMENTO FISCAL,2,PRIMARIO DISCRICIONARIO,15.24
244,MINISTERIO DA EDUCACAO,444,"INSTITUTO FEDERAL DE EDUCACAO, CIENCIA E TECNOLOGIA DA BAHIA",204786,CAMPUS AVANCADO UBAITABA,2,2021,MAR/2021,3,2021,DSP001,AQUISICAO DE SERVICOS - PESSOAS JURIDICAS,4,AUTARQUIA,3,3,90,39,83,33903983,SERVICOS DE COPIAS E REPRODUCAO DE DOCUMENTOS,1,ORCAMENTO FISCAL,2,PRIMARIO DISCRICIONARIO,63.47
244,MINISTERIO DA EDUCACAO,451,"INSTITUTO FEDERAL DE EDUCACAO, CIENCIA E TECNOLOGIA DE GOIAS",-9,NAO SE APLICA,2,2021,MAR/2021,3,2021,DSP001,AQUISICAO DE SERVICOS - PESSOAS JURIDICAS,4,AUTARQUIA,3,3,90,39,83,33903983,SERVICOS DE COPIAS E REPRODUCAO DE DOCUMENTOS,1,ORCAMENTO FISCAL,2,PRIMARIO DISCRICIONARIO,9314.14
244,MINISTERIO DA EDUCACAO,454,UNIVERSIDADE TECNOLOGICA FEDERAL DO PARANA,-9,NAO SE APLICA,2,2021,MAR/2021,3,2021,DSP001,AQUISICAO DE SERVICOS - PESSOAS JURIDICAS,4,AUTARQUIA,3,3,90,39,83,33903983,SERVICOS DE COPIAS E REPRODUCAO DE DOCUMENTOS,1,ORCAMENTO FISCAL,2,PRIMARIO DISCRICIONARIO,2627.94
244,MINISTERIO DA EDUCACAO,456,"INSTITUTO FEDERAL DE EDUCACAO, CIENCIA E TECNOLOGIA SUL-RIO-GRANDENSE",-9,NAO SE APLICA,2,2021,MAR/2021,3,2021,DSP001,AQUISICAO DE SERVICOS - PESSOAS JURIDICAS,4,AUTARQUIA,3,3,90,39,83,33903983,SERVICOS DE COPIAS E REPRODUCAO DE DOCUMENTOS,1,ORCAMENTO FISCAL,2,PRIMARIO DISCRICIONARIO,670.23
244,MINISTERIO DA EDUCACAO,100900,"INSTITUTO FEDERAL DE EDUCACAO, CIENCIA E TECNOLOGIA DE ALAGOAS",-9,NAO SE APLICA,2,2021,MAR/2021,3,2021,DSP001,AQUISICAO DE SERVICOS - PESSOAS JURIDICAS,4,AUTARQUIA,3,3,90,39,83,33903983,SERVICOS DE COPIAS E REPRODUCAO DE DOCUMENTOS,1,ORCAMENTO FISCAL,2,PRIMARIO DISCRICIONARIO,3517.5
244,MINISTERIO DA EDUCACAO,100900,"INSTITUTO FEDERAL DE EDUCACAO, CIENCIA E TECNOLOGIA DE ALAGOAS",1186,CAMPUS SATUBA,2,2021,MAR/2021,3,2021,DSP001,AQUISICAO DE SERVICOS - PESSOAS JURIDICAS,4,AUTARQUIA,3,3,90,39,83,33903983,SERVICOS DE COPIAS E REPRODUCAO DE DOCUMENTOS,1,ORCAMENTO FISCAL,2,PRIMARIO DISCRICIONARIO,2470.0
244,MINISTERIO DA EDUCACAO,100900,"INSTITUTO FEDERAL DE EDUCACAO, CIENCIA E TECNOLOGIA DE ALAGOAS",123835,CAMPUS SANTANA DE IPANEMA,2,2021,MAR/2021,3,2021,DSP001,AQUISICAO DE SERVICOS - PESSOAS JURIDICAS,4,AUTARQUIA,3,3,90,39,83,33903983,SERVICOS DE COPIAS E REPRODUCAO DE DOCUMENTOS,1,ORCAMENTO FISCAL,2,PRIMARIO DISCRICIONARIO,1470.0
244,MINISTERIO DA EDUCACAO,100900,"INSTITUTO FEDERAL DE EDUCACAO, CIENCIA E TECNOLOGIA DE ALAGOAS",123836,CAMPUS SAO MIGUEL DOS CAMPOS,2,2021,MAR/2021,3,2021,DSP001,AQUISICAO DE SERVICOS - PESSOAS JURIDICAS,4,AUTARQUIA,3,3,90,39,83,33903983,SERVICOS DE COPIAS E REPRODUCAO DE DOCUMENTOS,1,ORCAMENTO FISCAL,2,PRIMARIO DISCRICIONARIO,273.34
244,MINISTERIO DA EDUCACAO,100900,"INSTITUTO FEDERAL DE EDUCACAO, CIENCIA E TECNOLOGIA DE ALAGOAS",201201,CAMPUS RIO LARGO,2,2021,MAR/2021,3,2021,DSP001,AQUISICAO DE SERVICOS - PESSOAS JURIDICAS,4,AUTARQUIA,3,3,90,39,83,33903983,SERVICOS DE COPIAS E REPRODUCAO DE DOCUMENTOS,1,ORCAMENTO FISCAL,2,PRIMARIO DISCRICIONARIO,720.0
244,MINISTERIO DA EDUCACAO,100900,"INSTITUTO FEDERAL DE EDUCACAO, CIENCIA E TECNOLOGIA DE ALAGOAS",201202,CAMPUS  VICOSA,2,2021,MAR/2021,3,2021,DSP001,AQUISICAO DE SERVICOS - PESSOAS JURIDICAS,4,AUTARQUIA,3,3,90,39,83,33903983,SERVICOS DE COPIAS E REPRODUCAO DE DOCUMENTOS,1,ORCAMENTO FISCAL,2,PRIMARIO DISCRICIONARIO,1170.0
244,MINISTERIO DA EDUCACAO,100901,"INSTITUTO FEDERAL DE EDUCACAO, CIENCIA E TECNOLOGIA DO NORTE DE MINAS GERAIS",-9,NAO SE APLICA,2,2021,MAR/2021,3,2021,DSP001,AQUISICAO DE SERVICOS - PESSOAS JURIDICAS,4,AUTARQUIA,3,3,90,39,83,33903983,SERVICOS DE COPIAS E REPRODUCAO DE DOCUMENTOS,1,ORCAMENTO FISCAL,2,PRIMARIO DISCRICIONARIO,1980.0
244,MINISTERIO DA EDUCACAO,100916,"INSTITUTO FEDERAL DE EDUCACAO, CIENCIA E TECNOLOGIA DE MATO GROSSO",1208,CAMPUS CACERES,3,2021,MAR/2021,3,2021,DSP001,AQUISICAO DE SERVICOS - PESSOAS JURIDICAS,4,AUTARQUIA,3,3,90,40,14,33904014,TELEFONIA FIXA E MOVEL - PACOTE DE COMUNICACAO DE DADOS,1,ORCAMENTO FISCAL,2,PRIMARIO DISCRICIONARIO,28.65
244,MINISTERIO DA EDUCACAO,100916,"INSTITUTO FEDERAL DE EDUCACAO, CIENCIA E TECNOLOGIA DE MATO GROSSO",104909,CAMPUS BARRA DO GARCAS,3,2021,MAR/2021,3,2021,DSP001,AQUISICAO DE SERVICOS - PESSOAS JURIDICAS,4,AUTARQUIA,3,3,90,40,14,33904014,TELEFONIA FIXA E MOVEL - PACOTE DE COMUNICACAO DE DADOS,1,ORCAMENTO FISCAL,2,PRIMARIO DISCRICIONARIO,47.7
244,MINISTERIO DA EDUCACAO,100916,"INSTITUTO FEDERAL DE EDUCACAO, CIENCIA E TECNOLOGIA DE MATO GROSSO",104910,CAMPUS CONFRESA,3,2021,MAR/2021,3,2021,DSP001,AQUISICAO DE SERVICOS - PESSOAS JURIDICAS,4,AUTARQUIA,3,3,90,40,14,33904014,TELEFONIA FIXA E MOVEL - PACOTE DE COMUNICACAO DE DADOS,1,ORCAMENTO FISCAL,2,PRIMARIO DISCRICIONARIO,17.41
244,MINISTERIO DA EDUCACAO,100916,"INSTITUTO FEDERAL DE EDUCACAO, CIENCIA E TECNOLOGIA DE MATO GROSSO",104927,GABINETE DA REITORIA,3,2021,MAR/2021,3,2021,DSP001,AQUISICAO DE SERVICOS - PESSOAS JURIDICAS,4,AUTARQUIA,3,3,90,40,14,33904014,TELEFONIA FIXA E MOVEL - PACOTE DE COMUNICACAO DE DADOS,1,ORCAMENTO FISCAL,2,PRIMARIO DISCRICIONARIO,108.45
244,MINISTERIO DA EDUCACAO,100916,"INSTITUTO FEDERAL DE EDUCACAO, CIENCIA E TECNOLOGIA DE MATO GROSSO",104928,CAMPUS CAMPO NOVO DO PARECIS,3,2021,MAR/2021,3,2021,DSP001,AQUISICAO DE SERVICOS - PESSOAS JURIDICAS,4,AUTARQUIA,3,3,90,40,14,33904014,TELEFONIA FIXA E MOVEL - PACOTE DE COMUNICACAO DE DADOS,1,ORCAMENTO FISCAL,2,PRIMARIO DISCRICIONARIO,47.32
244,MINISTERIO DA EDUCACAO,100916,"INSTITUTO FEDERAL DE EDUCACAO, CIENCIA E TECNOLOGIA DE MATO GROSSO",123847,CAMPUS VARZEA GRANDE,3,2021,MAR/2021,3,2021,DSP001,AQUISICAO DE SERVICOS - PESSOAS JURIDICAS,4,AUTARQUIA,3,3,90,40,14,33904014,TELEFONIA FIXA E MOVEL - PACOTE DE COMUNICACAO DE DADOS,1,ORCAMENTO FISCAL,2,PRIMARIO DISCRICIONARIO,35.29
244,MINISTERIO DA EDUCACAO,100916,"INSTITUTO FEDERAL DE EDUCACAO, CIENCIA E TECNOLOGIA DE MATO GROSSO",202860,CAMPUS ALTA FLORESTA,3,2021,MAR/2021,3,2021,DSP001,AQUISICAO DE SERVICOS - PESSOAS JURIDICAS,4,AUTARQUIA,3,3,90,40,14,33904014,TELEFONIA FIXA E MOVEL - PACOTE DE COMUNICACAO DE DADOS,1,ORCAMENTO FISCAL,2,PRIMARIO DISCRICIONARIO,19.21
244,MINISTERIO DA EDUCACAO,100919,"INSTITUTO FEDERAL DE EDUCACAO, CIENCIA E TECNOLOGIA CATARINENSE",105202,CAMPUS VIDEIRA,3,2021,MAR/2021,3,2021,DSP001,AQUISICAO DE SERVICOS - PESSOAS JURIDICAS,4,AUTARQUIA,3,3,90,40,14,33904014,TELEFONIA FIXA E MOVEL - PACOTE DE COMUNICACAO DE DADOS,1,ORCAMENTO FISCAL,2,PRIMARIO DISCRICIONARIO,635.36
244,MINISTERIO DA EDUCACAO,100921,"INSTITUTO FEDERAL DE EDUCACAO, CIENCIA E TECNOLOGIA DO MARANHAO",-9,NAO SE APLICA,3,2021,MAR/2021,3,2021,DSP001,AQUISICAO DE SERVICOS - PESSOAS JURIDICAS,4,AUTARQUIA,3,3,90,40,14,33904014,TELEFONIA FIXA E MOVEL - PACOTE DE COMUNICACAO DE DADOS,1,ORCAMENTO FISCAL,2,PRIMARIO DISCRICIONARIO,1800.0
244,MINISTERIO DA EDUCACAO,122381,UNIVERSIDADE FEDERAL DO SUL E SUDESTE DO PARA,-9,NAO SE APLICA,3,2021,MAR/2021,3,2021,DSP001,AQUISICAO DE SERVICOS - PESSOAS JURIDICAS,4,AUTARQUIA,3,3,90,40,14,33904014,TELEFONIA FIXA E MOVEL - PACOTE DE COMUNICACAO DE DADOS,1,ORCAMENTO FISCAL,2,PRIMARIO DISCRICIONARIO,1313.8
2846,MINISTERIO DA INFRAESTRUTURA,86144,AGENCIA NACIONAL DE AVIACAO CIVIL,-9,NAO SE APLICA,3,2021,MAR/2021,3,2021,DSP001,AQUISICAO DE SERVICOS - PESSOAS JURIDICAS,4,AUTARQUIA,3,3,90,40,14,33904014,TELEFONIA FIXA E MOVEL - PACOTE DE COMUNICACAO DE DADOS,1,ORCAMENTO FISCAL,2,PRIMARIO DISCRICIONARIO,44676.78
235880,MINISTERIO DO DESENVOLVIMENTO REGIONAL,367,DEPARTAMENTO NACIONAL DE OBRAS CONTRA AS SECAS,-9,NAO SE APLICA,3,2021,MAR/2021,3,2021,DSP001,AQUISICAO DE SERVICOS - PESSOAS JURIDICAS,4,AUTARQUIA,3,3,90,40,14,33904014,TELEFONIA FIXA E MOVEL - PACOTE DE COMUNICACAO DE DADOS,1,ORCAMENTO FISCAL,2,PRIMARIO DISCRICIONARIO,89.95
14,"MINISTERIO DA AGRICULTURA, PECUARIA E ABASTECIMENTO",1799,INSTITUTO NACIONAL DE COLONIZACAO E REFORMA AGRARIA,-9,NAO SE APLICA,2,2021,ABR/2021,4,2021,DSP001,AQUISICAO DE SERVICOS - PESSOAS JURIDICAS,4,AUTARQUIA,3,3,90,40,14,33904014,TELEFONIA FIXA E MOVEL - PACOTE DE COMUNICACAO DE DADOS,1,ORCAMENTO FISCAL,2,PRIMARIO DISCRICIONARIO,299.0
72084,MINISTERIO DO TURISMO,100584,INSTITUTO BRASILEIRO DE MUSEUS,-9,NAO SE APLICA,2,2021,ABR/2021,4,2021,DSP001,AQUISICAO DE SERVICOS - PESSOAS JURIDICAS,4,AUTARQUIA,3,3,90,40,14,33904014,TELEFONIA FIXA E MOVEL - PACOTE DE COMUNICACAO DE DADOS,1,ORCAMENTO FISCAL,2,PRIMARIO DISCRICIONARIO,81291.64
244,MINISTERIO DA EDUCACAO,431,UNIVERSIDADE FEDERAL DE SANTA MARIA,-9,NAO SE APLICA,3,2021,ABR/2021,4,2021,DSP001,AQUISICAO DE SERVICOS - PESSOAS JURIDICAS,4,AUTARQUIA,3,3,90,40,14,33904014,TELEFONIA FIXA E MOVEL - PACOTE DE COMUNICACAO DE DADOS,1,ORCAMENTO FISCAL,2,PRIMARIO DISCRICIONARIO,10930.69
244,MINISTERIO DA EDUCACAO,453,"INSTITUTO FEDERAL DE EDUCACAO, CIENCIA E TECNOLOGIA DE SAO PAULO",-9,NAO SE APLICA,3,2021,ABR/2021,4,2021,DSP001,AQUISICAO DE SERVICOS - PESSOAS JURIDICAS,4,AUTARQUIA,3,3,90,40,14,33904014,TELEFONIA FIXA E MOVEL - PACOTE DE COMUNICACAO DE DADOS,1,ORCAMENTO FISCAL,2,PRIMARIO DISCRICIONARIO,4909.32
244,MINISTERIO DA EDUCACAO,100906,"INSTITUTO FEDERAL DE EDUCACAO, CIENCIA E TECNOLOGIA FARROUPILHA",4323,CAMPUS SAO VICENTE DO SUL,3,2021,ABR/2021,4,2021,DSP001,AQUISICAO DE SERVICOS - PESSOAS JURIDICAS,4,AUTARQUIA,3,3,90,40,14,33904014,TELEFONIA FIXA E MOVEL - PACOTE DE COMUNICACAO DE DADOS,1,ORCAMENTO FISCAL,2,PRIMARIO DISCRICIONARIO,5665.38
244,MINISTERIO DA EDUCACAO,100906,"INSTITUTO FEDERAL DE EDUCACAO, CIENCIA E TECNOLOGIA FARROUPILHA",201173,CAMPUS SANTO ANGELO,3,2021,ABR/2021,4,2021,DSP001,AQUISICAO DE SERVICOS - PESSOAS JURIDICAS,4,AUTARQUIA,3,3,90,40,14,33904014,TELEFONIA FIXA E MOVEL - PACOTE DE COMUNICACAO DE DADOS,1,ORCAMENTO FISCAL,2,PRIMARIO DISCRICIONARIO,267.03
244,MINISTERIO DA EDUCACAO,100913,"INSTITUTO FEDERAL DE EDUCACAO, CIENCIA E TECNOLOGIA GOIANO",-9,NAO SE APLICA,3,2021,ABR/2021,4,2021,DSP001,AQUISICAO DE SERVICOS - PESSOAS JURIDICAS,4,AUTARQUIA,3,3,90,40,14,33904014,TELEFONIA FIXA E MOVEL - PACOTE DE COMUNICACAO DE DADOS,1,ORCAMENTO FISCAL,2,PRIMARIO DISCRICIONARIO,3529.05
244,MINISTERIO DA EDUCACAO,100908,"INSTITUTO FEDERAL DE EDUCACAO, CIENCIA E TECNOLOGIA DE TOCANTINS",-9,NAO SE APLICA,2,2021,FEV/2021,2,2021,DSP001,AQUISICAO DE SERVICOS - PESSOAS JURIDICAS,4,AUTARQUIA,3,3,90,47,22,33904722,CONTRIBUICAO P/ CUSTEIO DE ILUMINACAO PUBLICA,1,ORCAMENTO FISCAL,2,PRIMARIO DISCRICIONARIO,49.48
244,MINISTERIO DA EDUCACAO,100912,"INSTITUTO FEDERAL DE EDUCACAO, CIENCIA E TECNOLOGIA DO ESPIRITO SANTO",105102,CAMPUS CACHOEIRO DO ITAPEMIRIM,2,2021,FEV/2021,2,2021,DSP001,AQUISICAO DE SERVICOS - PESSOAS JURIDICAS,4,AUTARQUIA,3,3,90,47,22,33904722,CONTRIBUICAO P/ CUSTEIO DE ILUMINACAO PUBLICA,1,ORCAMENTO FISCAL,2,PRIMARIO DISCRICIONARIO,199.4
244,MINISTERIO DA EDUCACAO,100918,"INSTITUTO FEDERAL DE EDUCACAO, CIENCIA E TECNOLOGIA DO RIO GRANDE DO SUL",105240,CAMPUS ERECHIM,2,2021,FEV/2021,2,2021,DSP001,AQUISICAO DE SERVICOS - PESSOAS JURIDICAS,4,AUTARQUIA,3,3,90,47,22,33904722,CONTRIBUICAO P/ CUSTEIO DE ILUMINACAO PUBLICA,1,ORCAMENTO FISCAL,2,PRIMARIO DISCRICIONARIO,40.14
244,MINISTERIO DA EDUCACAO,100918,"INSTITUTO FEDERAL DE EDUCACAO, CIENCIA E TECNOLOGIA DO RIO GRANDE DO SUL",105243,CAMPUS RESTINGA,2,2021,FEV/2021,2,2021,DSP001,AQUISICAO DE SERVICOS - PESSOAS JURIDICAS,4,AUTARQUIA,3,3,90,47,22,33904722,CONTRIBUICAO P/ CUSTEIO DE ILUMINACAO PUBLICA,1,ORCAMENTO FISCAL,2,PRIMARIO DISCRICIONARIO,23.33
244,MINISTERIO DA EDUCACAO,100920,"INSTITUTO FEDERAL DE EDUCACAO, CIENCIA E TECNOLOGIA BAIANO",113257,CAMPUS BOM JESUS DA LAPA,2,2021,FEV/2021,2,2021,DSP001,AQUISICAO DE SERVICOS - PESSOAS JURIDICAS,4,AUTARQUIA,3,3,90,47,22,33904722,CONTRIBUICAO P/ CUSTEIO DE ILUMINACAO PUBLICA,1,ORCAMENTO FISCAL,2,PRIMARIO DISCRICIONARIO,31.65
2852,MINISTERIO DE MINAS E ENERGIA,222120,AGENCIA NACIONAL DE MINERACAO,9672,GERENCIA REGIONAL DA ANM NO ESTADO DO RIO GRANDE DO SUL,2,2021,FEV/2021,2,2021,DSP001,AQUISICAO DE SERVICOS - PESSOAS JURIDICAS,4,AUTARQUIA,3,3,90,47,22,33904722,CONTRIBUICAO P/ CUSTEIO DE ILUMINACAO PUBLICA,1,ORCAMENTO FISCAL,2,PRIMARIO DISCRICIONARIO,23.33
2852,MINISTERIO DE MINAS E ENERGIA,222120,AGENCIA NACIONAL DE MINERACAO,9704,GERENCIA REGIONAL DA ANM NO ESTADO DE PERNAMBUCO,2,2021,FEV/2021,2,2021,DSP001,AQUISICAO DE SERVICOS - PESSOAS JURIDICAS,4,AUTARQUIA,3,3,90,47,22,33904722,CONTRIBUICAO P/ CUSTEIO DE ILUMINACAO PUBLICA,1,ORCAMENTO FISCAL,2,PRIMARIO DISCRICIONARIO,145.79
2852,MINISTERIO DE MINAS E ENERGIA,222120,AGENCIA NACIONAL DE MINERACAO,47788,SUPERINTENDENCIA DE ADMINISTRACAO E FINANCAS,2,2021,FEV/2021,2,2021,DSP001,AQUISICAO DE SERVICOS - PESSOAS JURIDICAS,4,AUTARQUIA,3,3,90,47,22,33904722,CONTRIBUICAO P/ CUSTEIO DE ILUMINACAO PUBLICA,1,ORCAMENTO FISCAL,2,PRIMARIO DISCRICIONARIO,162.18
235880,MINISTERIO DO DESENVOLVIMENTO REGIONAL,367,DEPARTAMENTO NACIONAL DE OBRAS CONTRA AS SECAS,-9,NAO SE APLICA,2,2021,FEV/2021,2,2021,DSP001,AQUISICAO DE SERVICOS - PESSOAS JURIDICAS,4,AUTARQUIA,3,3,90,47,22,33904722,CONTRIBUICAO P/ CUSTEIO DE ILUMINACAO PUBLICA,1,ORCAMENTO FISCAL,2,PRIMARIO DISCRICIONARIO,460.0
267175,"MINISTERIO DA CIENCIA, TECNOLOGIA E INOVACOES",223,COMISSAO NACIONAL DE ENERGIA NUCLEAR,4897,DIRETORIA DE PESQUISA E DESENVOLVIMENTO,2,2021,FEV/2021,2,2021,DSP001,AQUISICAO DE SERVICOS - PESSOAS JURIDICAS,4,AUTARQUIA,3,3,90,47,22,33904722,CONTRIBUICAO P/ CUSTEIO DE ILUMINACAO PUBLICA,1,ORCAMENTO FISCAL,2,PRIMARIO DISCRICIONARIO,38.55
14,"MINISTERIO DA AGRICULTURA, PECUARIA E ABASTECIMENTO",1799,INSTITUTO NACIONAL DE COLONIZACAO E REFORMA AGRARIA,-9,NAO SE APLICA,1,2021,MAR/2021,3,2021,DSP001,AQUISICAO DE SERVICOS - PESSOAS JURIDICAS,4,AUTARQUIA,3,3,90,47,22,33904722,CONTRIBUICAO P/ CUSTEIO DE ILUMINACAO PUBLICA,1,ORCAMENTO FISCAL,2,PRIMARIO DISCRICIONARIO,1504.85
244,MINISTERIO DA EDUCACAO,256,COLEGIO PEDRO II,-9,NAO SE APLICA,1,2021,MAR/2021,3,2021,DSP001,AQUISICAO DE SERVICOS - PESSOAS JURIDICAS,4,AUTARQUIA,3,3,90,47,22,33904722,CONTRIBUICAO P/ CUSTEIO DE ILUMINACAO PUBLICA,1,ORCAMENTO FISCAL,2,PRIMARIO DISCRICIONARIO,1054.93
244,MINISTERIO DA EDUCACAO,434,"INSTITUTO FEDERAL DE EDUCACAO, CIENCIA E TECNOLOGIA DO PIAUI",-9,NAO SE APLICA,1,2021,MAR/2021,3,2021,DSP001,AQUISICAO DE SERVICOS - PESSOAS JURIDICAS,4,AUTARQUIA,3,3,90,47,22,33904722,CONTRIBUICAO P/ CUSTEIO DE ILUMINACAO PUBLICA,1,ORCAMENTO FISCAL,2,PRIMARIO DISCRICIONARIO,269.37
244,MINISTERIO DA EDUCACAO,444,"INSTITUTO FEDERAL DE EDUCACAO, CIENCIA E TECNOLOGIA DA BAHIA",214546,CAMPUS SANTO ANTONIO DE JESUS,1,2021,MAR/2021,3,2021,DSP001,AQUISICAO DE SERVICOS - PESSOAS JURIDICAS,4,AUTARQUIA,3,3,90,47,22,33904722,CONTRIBUICAO P/ CUSTEIO DE ILUMINACAO PUBLICA,1,ORCAMENTO FISCAL,2,PRIMARIO DISCRICIONARIO,676.5
244,MINISTERIO DA EDUCACAO,448,CENTRO FEDERAL DE EDUCACAO TECNOLOGICA - CELSO SUCKOW DA FONSECA -,15584,DIRETORIA DE ENSINO,1,2021,MAR/2021,3,2021,DSP001,AQUISICAO DE SERVICOS - PESSOAS JURIDICAS,4,AUTARQUIA,3,3,90,47,22,33904722,CONTRIBUICAO P/ CUSTEIO DE ILUMINACAO PUBLICA,1,ORCAMENTO FISCAL,2,PRIMARIO DISCRICIONARIO,976.79
244,MINISTERIO DA EDUCACAO,94430,"INSTITUTO FEDERAL DE EDUCACAO, CIENCIA E TECNOLOGIA DE BRASILIA",122584,CAMPUS RIACHO FUNDO,1,2021,MAR/2021,3,2021,DSP001,AQUISICAO DE SERVICOS - PESSOAS JURIDICAS,4,AUTARQUIA,3,3,90,47,22,33904722,CONTRIBUICAO P/ CUSTEIO DE ILUMINACAO PUBLICA,1,ORCAMENTO FISCAL,2,PRIMARIO DISCRICIONARIO,766.75
244,MINISTERIO DA EDUCACAO,100902,"INSTITUTO FEDERAL DE EDUCACAO, CIENCIA E TECNOLOGIA SUDESTE DE MINAS GERAIS",-9,NAO SE APLICA,1,2021,MAR/2021,3,2021,DSP001,AQUISICAO DE SERVICOS - PESSOAS JURIDICAS,4,AUTARQUIA,3,3,90,47,22,33904722,CONTRIBUICAO P/ CUSTEIO DE ILUMINACAO PUBLICA,1,ORCAMENTO FISCAL,2,PRIMARIO DISCRICIONARIO,99.9
1927,MINISTERIO DO MEIO AMBIENTE,1812,INSTITUTO BRASILEIRO DO MEIO AMBIENTE E DOS RECURSOS NATURAIS RENOVAVEIS,-9,NAO SE APLICA,1,2021,MAR/2021,3,2021,DSP001,AQUISICAO DE SERVICOS - PESSOAS JURIDICAS,4,AUTARQUIA,3,3,90,47,22,33904722,CONTRIBUICAO P/ CUSTEIO DE ILUMINACAO PUBLICA,1,ORCAMENTO FISCAL,2,PRIMARIO DISCRICIONARIO,249.86
2846,MINISTERIO DA INFRAESTRUTURA,54843,AGENCIA NACIONAL DE TRANSPORTES AQUAVIARIOS,-9,NAO SE APLICA,1,2021,MAR/2021,3,2021,DSP001,AQUISICAO DE SERVICOS - PESSOAS JURIDICAS,4,AUTARQUIA,3,3,90,47,22,33904722,CONTRIBUICAO P/ CUSTEIO DE ILUMINACAO PUBLICA,1,ORCAMENTO FISCAL,2,PRIMARIO DISCRICIONARIO,766.75
244,MINISTERIO DA EDUCACAO,100919,"INSTITUTO FEDERAL DE EDUCACAO, CIENCIA E TECNOLOGIA CATARINENSE",26354,CAMPUS CAMBORIU,1,2021,JAN/2021,1,2021,DSP001,AQUISICAO DE SERVICOS - PESSOAS JURIDICAS,4,AUTARQUIA,3,3,91,39,47,33913947,SERVICOS DE COMUNICACAO EM GERAL,1,ORCAMENTO FISCAL,2,PRIMARIO DISCRICIONARIO,3461.04
14,"MINISTERIO DA AGRICULTURA, PECUARIA E ABASTECIMENTO",1799,INSTITUTO NACIONAL DE COLONIZACAO E REFORMA AGRARIA,-9,NAO SE APLICA,2,2021,FEV/2021,2,2021,DSP001,AQUISICAO DE SERVICOS - PESSOAS JURIDICAS,4,AUTARQUIA,3,3,91,39,47,33913947,SERVICOS DE COMUNICACAO EM GERAL,1,ORCAMENTO FISCAL,2,PRIMARIO DISCRICIONARIO,534.29
244,MINISTERIO DA EDUCACAO,100912,"INSTITUTO FEDERAL DE EDUCACAO, CIENCIA E TECNOLOGIA DO ESPIRITO SANTO",105099,REITORIA,2,2021,FEV/2021,2,2021,DSP001,AQUISICAO DE SERVICOS - PESSOAS JURIDICAS,4,AUTARQUIA,3,3,91,39,47,33913947,SERVICOS DE COMUNICACAO EM GERAL,1,ORCAMENTO FISCAL,2,PRIMARIO DISCRICIONARIO,6366.96
244,MINISTERIO DA EDUCACAO,100919,"INSTITUTO FEDERAL DE EDUCACAO, CIENCIA E TECNOLOGIA CATARINENSE",26354,CAMPUS CAMBORIU,2,2021,FEV/2021,2,2021,DSP001,AQUISICAO DE SERVICOS - PESSOAS JURIDICAS,4,AUTARQUIA,3,3,91,39,47,33913947,SERVICOS DE COMUNICACAO EM GERAL,1,ORCAMENTO FISCAL,2,PRIMARIO DISCRICIONARIO,546.48
2846,MINISTERIO DA INFRAESTRUTURA,54844,DEPARTAMENTO NACIONAL DE INFRAESTRUTURA DE TRANSPORTES,-9,NAO SE APLICA,2,2021,FEV/2021,2,2021,DSP001,AQUISICAO DE SERVICOS - PESSOAS JURIDICAS,4,AUTARQUIA,3,3,91,39,47,33913947,SERVICOS DE COMUNICACAO EM GERAL,1,ORCAMENTO FISCAL,2,PRIMARIO DISCRICIONARIO,697.68
244,MINISTERIO DA EDUCACAO,100919,"INSTITUTO FEDERAL DE EDUCACAO, CIENCIA E TECNOLOGIA CATARINENSE",26354,CAMPUS CAMBORIU,3,2021,FEV/2021,2,2021,DSP001,AQUISICAO DE SERVICOS - PESSOAS JURIDICAS,4,AUTARQUIA,3,3,91,39,47,33913947,SERVICOS DE COMUNICACAO EM GERAL,1,ORCAMENTO FISCAL,2,PRIMARIO DISCRICIONARIO,2064.48
244,MINISTERIO DA EDUCACAO,100912,"INSTITUTO FEDERAL DE EDUCACAO, CIENCIA E TECNOLOGIA DO ESPIRITO SANTO",105103,CAMPUS SAO MATEUS,1,2021,MAR/2021,3,2021,DSP001,AQUISICAO DE SERVICOS - PESSOAS JURIDICAS,4,AUTARQUIA,3,3,91,39,47,33913947,SERVICOS DE COMUNICACAO EM GERAL,1,ORCAMENTO FISCAL,2,PRIMARIO DISCRICIONARIO,835.38
244,MINISTERIO DA EDUCACAO,461,UNIVERSIDADE FEDERAL DE ALFENAS,-9,NAO SE APLICA,2,2021,MAR/2021,3,2021,DSP001,AQUISICAO DE SERVICOS - PESSOAS JURIDICAS,4,AUTARQUIA,3,3,91,39,47,33913947,SERVICOS DE COMUNICACAO EM GERAL,1,ORCAMENTO FISCAL,2,PRIMARIO DISCRICIONARIO,1874.88
244,MINISTERIO DA EDUCACAO,100916,"INSTITUTO FEDERAL DE EDUCACAO, CIENCIA E TECNOLOGIA DE MATO GROSSO",104910,CAMPUS CONFRESA,2,2021,ABR/2021,4,2021,ENC005,ENCARGOS COM OBRIGACOES TRIBUTARIAS E SOCIAIS - EXCETO FOLHA DE PAGAMENTO,4,AUTARQUIA,3,3,91,47,12,33914712,CONTRIBUICAO P/ O PIS/PASEP,1,ORCAMENTO FISCAL,2,PRIMARIO DISCRICIONARIO,0.73
244,MINISTERIO DA EDUCACAO,419,UNIVERSIDADE FEDERAL DA PARAIBA,-9,NAO SE APLICA,3,2021,ABR/2021,4,2021,ENC005,ENCARGOS COM OBRIGACOES TRIBUTARIAS E SOCIAIS - EXCETO FOLHA DE PAGAMENTO,4,AUTARQUIA,3,3,91,47,12,33914712,CONTRIBUICAO P/ O PIS/PASEP,1,ORCAMENTO FISCAL,2,PRIMARIO DISCRICIONARIO,777.73
244,MINISTERIO DA EDUCACAO,456,"INSTITUTO FEDERAL DE EDUCACAO, CIENCIA E TECNOLOGIA SUL-RIO-GRANDENSE",105313,CAMPUS PELOTAS,3,2021,ABR/2021,4,2021,ENC005,ENCARGOS COM OBRIGACOES TRIBUTARIAS E SOCIAIS - EXCETO FOLHA DE PAGAMENTO,4,AUTARQUIA,3,3,91,47,12,33914712,CONTRIBUICAO P/ O PIS/PASEP,1,ORCAMENTO FISCAL,2,PRIMARIO DISCRICIONARIO,55.18
244,MINISTERIO DA EDUCACAO,460,UNIVERSIDADE FEDERAL DOS VALES DO JEQUITINHONHA E MUCURI,-9,NAO SE APLICA,3,2021,ABR/2021,4,2021,ENC005,ENCARGOS COM OBRIGACOES TRIBUTARIAS E SOCIAIS - EXCETO FOLHA DE PAGAMENTO,4,AUTARQUIA,3,3,91,47,12,33914712,CONTRIBUICAO P/ O PIS/PASEP,1,ORCAMENTO FISCAL,2,PRIMARIO DISCRICIONARIO,420.29
244,MINISTERIO DA EDUCACAO,3561,"INSTITUTO FEDERAL DE EDUCACAO, CIENCIA E TECNOLOGIA DE RORAIMA",-9,NAO SE APLICA,3,2021,ABR/2021,4,2021,ENC005,ENCARGOS COM OBRIGACOES TRIBUTARIAS E SOCIAIS - EXCETO FOLHA DE PAGAMENTO,4,AUTARQUIA,3,3,91,47,12,33914712,CONTRIBUICAO P/ O PIS/PASEP,1,ORCAMENTO FISCAL,2,PRIMARIO DISCRICIONARIO,153.0
244,MINISTERIO DA EDUCACAO,100908,"INSTITUTO FEDERAL DE EDUCACAO, CIENCIA E TECNOLOGIA DE TOCANTINS",-9,NAO SE APLICA,3,2021,ABR/2021,4,2021,ENC005,ENCARGOS COM OBRIGACOES TRIBUTARIAS E SOCIAIS - EXCETO FOLHA DE PAGAMENTO,4,AUTARQUIA,3,3,91,47,12,33914712,CONTRIBUICAO P/ O PIS/PASEP,1,ORCAMENTO FISCAL,2,PRIMARIO DISCRICIONARIO,76.77
244,MINISTERIO DA EDUCACAO,100915,"INSTITUTO FEDERAL DE EDUCACAO, CIENCIA E TECNOLOGIA DO SUL DE MINAS GERAIS",121383,CAMPUS PASSOS,3,2021,ABR/2021,4,2021,ENC005,ENCARGOS COM OBRIGACOES TRIBUTARIAS E SOCIAIS - EXCETO FOLHA DE PAGAMENTO,4,AUTARQUIA,3,3,91,47,12,33914712,CONTRIBUICAO P/ O PIS/PASEP,1,ORCAMENTO FISCAL,2,PRIMARIO DISCRICIONARIO,0.87
244,MINISTERIO DA EDUCACAO,100916,"INSTITUTO FEDERAL DE EDUCACAO, CIENCIA E TECNOLOGIA DE MATO GROSSO",1205,CAMPUS CUIABA - BELA VISTA,3,2021,ABR/2021,4,2021,ENC005,ENCARGOS COM OBRIGACOES TRIBUTARIAS E SOCIAIS - EXCETO FOLHA DE PAGAMENTO,4,AUTARQUIA,3,3,91,47,12,33914712,CONTRIBUICAO P/ O PIS/PASEP,1,ORCAMENTO FISCAL,2,PRIMARIO DISCRICIONARIO,0.30000000000000004
244,MINISTERIO DA EDUCACAO,100916,"INSTITUTO FEDERAL DE EDUCACAO, CIENCIA E TECNOLOGIA DE MATO GROSSO",104912,CAMPUS JUINA,3,2021,ABR/2021,4,2021,ENC005,ENCARGOS COM OBRIGACOES TRIBUTARIAS E SOCIAIS - EXCETO FOLHA DE PAGAMENTO,4,AUTARQUIA,3,3,91,47,12,33914712,CONTRIBUICAO P/ O PIS/PASEP,1,ORCAMENTO FISCAL,2,PRIMARIO DISCRICIONARIO,0.4
244,MINISTERIO DA EDUCACAO,100916,"INSTITUTO FEDERAL DE EDUCACAO, CIENCIA E TECNOLOGIA DE MATO GROSSO",122637,CAMPUS SORRISO,3,2021,ABR/2021,4,2021,ENC005,ENCARGOS COM OBRIGACOES TRIBUTARIAS E SOCIAIS - EXCETO FOLHA DE PAGAMENTO,4,AUTARQUIA,3,3,91,47,12,33914712,CONTRIBUICAO P/ O PIS/PASEP,1,ORCAMENTO FISCAL,2,PRIMARIO DISCRICIONARIO,39.04
244,MINISTERIO DA EDUCACAO,100919,"INSTITUTO FEDERAL DE EDUCACAO, CIENCIA E TECNOLOGIA CATARINENSE",26354,CAMPUS CAMBORIU,2,2021,JAN/2021,1,2021,ENC024,ENCARGOS PATRONAIS SOBRE SERVICOS DE TERCEIROS - INSS,4,AUTARQUIA,3,3,91,47,18,33914718,CONTRIB.PREVIDENCIARIAS-SERVICOS DE TERCEIROS,1,ORCAMENTO FISCAL,2,PRIMARIO DISCRICIONARIO,200.0
244,MINISTERIO DA EDUCACAO,100907,"INSTITUTO FEDERAL DE EDUCACAO, CIENCIA E TECNOLOGIA DE RONDONIA",-9,NAO SE APLICA,11,2021,JAN/2021,1,2021,ENC024,ENCARGOS PATRONAIS SOBRE SERVICOS DE TERCEIROS - INSS,4,AUTARQUIA,3,3,91,47,18,33914718,CONTRIB.PREVIDENCIARIAS-SERVICOS DE TERCEIROS,1,ORCAMENTO FISCAL,2,PRIMARIO DISCRICIONARIO,220.0
244,MINISTERIO DA EDUCACAO,100907,"INSTITUTO FEDERAL DE EDUCACAO, CIENCIA E TECNOLOGIA DE RONDONIA",-9,NAO SE APLICA,12,2021,JAN/2021,1,2021,ENC024,ENCARGOS PATRONAIS SOBRE SERVICOS DE TERCEIROS - INSS,4,AUTARQUIA,3,3,91,47,18,33914718,CONTRIB.PREVIDENCIARIAS-SERVICOS DE TERCEIROS,1,ORCAMENTO FISCAL,2,PRIMARIO DISCRICIONARIO,440.0
244,MINISTERIO DA EDUCACAO,100907,"INSTITUTO FEDERAL DE EDUCACAO, CIENCIA E TECNOLOGIA DE RONDONIA",4324,CAMPUS COLORADO DO OESTE,12,2021,JAN/2021,1,2021,ENC024,ENCARGOS PATRONAIS SOBRE SERVICOS DE TERCEIROS - INSS,4,AUTARQUIA,3,3,91,47,18,33914718,CONTRIB.PREVIDENCIARIAS-SERVICOS DE TERCEIROS,1,ORCAMENTO FISCAL,2,PRIMARIO DISCRICIONARIO,460.8
244,MINISTERIO DA EDUCACAO,415,UNIVERSIDADE FEDERAL DO PARA,107842,CENTRO DE PROCESSOS SELETIVOS,1,2021,FEV/2021,2,2021,ENC024,ENCARGOS PATRONAIS SOBRE SERVICOS DE TERCEIROS - INSS,4,AUTARQUIA,3,3,91,47,18,33914718,CONTRIB.PREVIDENCIARIAS-SERVICOS DE TERCEIROS,1,ORCAMENTO FISCAL,2,PRIMARIO DISCRICIONARIO,144.01
244,MINISTERIO DA EDUCACAO,426,UNIVERSIDADE FEDERAL DO RIO DE JANEIRO,14143,CENTRO DE CIENCIAS DA SAUDE,1,2021,FEV/2021,2,2021,ENC024,ENCARGOS PATRONAIS SOBRE SERVICOS DE TERCEIROS - INSS,4,AUTARQUIA,3,3,91,47,18,33914718,CONTRIB.PREVIDENCIARIAS-SERVICOS DE TERCEIROS,1,ORCAMENTO FISCAL,2,PRIMARIO DISCRICIONARIO,371207.71
244,MINISTERIO DA EDUCACAO,444,"INSTITUTO FEDERAL DE EDUCACAO, CIENCIA E TECNOLOGIA DA BAHIA",89698,CAMPUS SANTO AMARO,1,2021,FEV/2021,2,2021,ENC024,ENCARGOS PATRONAIS SOBRE SERVICOS DE TERCEIROS - INSS,4,AUTARQUIA,3,3,91,47,18,33914718,CONTRIB.PREVIDENCIARIAS-SERVICOS DE TERCEIROS,1,ORCAMENTO FISCAL,2,PRIMARIO DISCRICIONARIO,260.0
244,MINISTERIO DA EDUCACAO,455,"INSTITUTO FEDERAL DE EDUCACAO, CIENCIA E TECNOLOGIA DE SANTA CATARINA",104938,PRO-REITORIA DE ENSINO,1,2021,FEV/2021,2,2021,ENC024,ENCARGOS PATRONAIS SOBRE SERVICOS DE TERCEIROS - INSS,4,AUTARQUIA,3,3,91,47,18,33914718,CONTRIB.PREVIDENCIARIAS-SERVICOS DE TERCEIROS,1,ORCAMENTO FISCAL,2,PRIMARIO DISCRICIONARIO,1000.0
244,MINISTERIO DA EDUCACAO,461,UNIVERSIDADE FEDERAL DE ALFENAS,-9,NAO SE APLICA,1,2021,FEV/2021,2,2021,ENC024,ENCARGOS PATRONAIS SOBRE SERVICOS DE TERCEIROS - INSS,4,AUTARQUIA,3,3,91,47,18,33914718,CONTRIB.PREVIDENCIARIAS-SERVICOS DE TERCEIROS,1,ORCAMENTO FISCAL,2,PRIMARIO DISCRICIONARIO,620.0
244,MINISTERIO DA EDUCACAO,46784,"INSTITUTO FEDERAL DE EDUCACAO, CIENCIA E TECNOLOGIA DO SERTAO PERNAMBUCANO",-9,NAO SE APLICA,1,2021,FEV/2021,2,2021,ENC024,ENCARGOS PATRONAIS SOBRE SERVICOS DE TERCEIROS - INSS,4,AUTARQUIA,3,3,91,47,18,33914718,CONTRIB.PREVIDENCIARIAS-SERVICOS DE TERCEIROS,1,ORCAMENTO FISCAL,2,PRIMARIO DISCRICIONARIO,489.39
244,MINISTERIO DA EDUCACAO,100901,"INSTITUTO FEDERAL DE EDUCACAO, CIENCIA E TECNOLOGIA DO NORTE DE MINAS GERAIS",214558,CAMPUS TEOFILO OTONI,1,2021,FEV/2021,2,2021,ENC024,ENCARGOS PATRONAIS SOBRE SERVICOS DE TERCEIROS - INSS,4,AUTARQUIA,3,3,91,47,18,33914718,CONTRIB.PREVIDENCIARIAS-SERVICOS DE TERCEIROS,1,ORCAMENTO FISCAL,2,PRIMARIO DISCRICIONARIO,1040.0
2846,MINISTERIO DA INFRAESTRUTURA,54843,AGENCIA NACIONAL DE TRANSPORTES AQUAVIARIOS,-9,NAO SE APLICA,2,2021,MAR/2021,3,2021,DSP001,AQUISICAO DE SERVICOS - PESSOAS JURIDICAS,4,AUTARQUIA,3,3,91,39,47,33913947,SERVICOS DE COMUNICACAO EM GERAL,1,ORCAMENTO FISCAL,2,PRIMARIO DISCRICIONARIO,5201.28
2846,MINISTERIO DA INFRAESTRUTURA,54844,DEPARTAMENTO NACIONAL DE INFRAESTRUTURA DE TRANSPORTES,-9,NAO SE APLICA,2,2021,MAR/2021,3,2021,DSP001,AQUISICAO DE SERVICOS - PESSOAS JURIDICAS,4,AUTARQUIA,3,3,91,39,47,33913947,SERVICOS DE COMUNICACAO EM GERAL,1,ORCAMENTO FISCAL,2,PRIMARIO DISCRICIONARIO,1415.25
14,"MINISTERIO DA AGRICULTURA, PECUARIA E ABASTECIMENTO",1799,INSTITUTO NACIONAL DE COLONIZACAO E REFORMA AGRARIA,-9,NAO SE APLICA,3,2021,MAR/2021,3,2021,DSP001,AQUISICAO DE SERVICOS - PESSOAS JURIDICAS,4,AUTARQUIA,3,3,91,39,47,33913947,SERVICOS DE COMUNICACAO EM GERAL,1,ORCAMENTO FISCAL,2,PRIMARIO DISCRICIONARIO,930.24
244,MINISTERIO DA EDUCACAO,427,UNIVERSIDADE FEDERAL FLUMINENSE,-9,NAO SE APLICA,3,2021,MAR/2021,3,2021,DSP001,AQUISICAO DE SERVICOS - PESSOAS JURIDICAS,4,AUTARQUIA,3,3,91,39,47,33913947,SERVICOS DE COMUNICACAO EM GERAL,1,ORCAMENTO FISCAL,2,PRIMARIO DISCRICIONARIO,1240.8
244,MINISTERIO DA EDUCACAO,100912,"INSTITUTO FEDERAL DE EDUCACAO, CIENCIA E TECNOLOGIA DO ESPIRITO SANTO",447,CAMPUS VITORIA,3,2021,MAR/2021,3,2021,DSP001,AQUISICAO DE SERVICOS - PESSOAS JURIDICAS,4,AUTARQUIA,3,3,91,39,47,33913947,SERVICOS DE COMUNICACAO EM GERAL,1,ORCAMENTO FISCAL,2,PRIMARIO DISCRICIONARIO,2184.48
244,MINISTERIO DA EDUCACAO,100912,"INSTITUTO FEDERAL DE EDUCACAO, CIENCIA E TECNOLOGIA DO ESPIRITO SANTO",105099,REITORIA,3,2021,MAR/2021,3,2021,DSP001,AQUISICAO DE SERVICOS - PESSOAS JURIDICAS,4,AUTARQUIA,3,3,91,39,47,33913947,SERVICOS DE COMUNICACAO EM GERAL,1,ORCAMENTO FISCAL,2,PRIMARIO DISCRICIONARIO,1820.4
244,MINISTERIO DA EDUCACAO,100919,"INSTITUTO FEDERAL DE EDUCACAO, CIENCIA E TECNOLOGIA CATARINENSE",26354,CAMPUS CAMBORIU,3,2021,MAR/2021,3,2021,DSP001,AQUISICAO DE SERVICOS - PESSOAS JURIDICAS,4,AUTARQUIA,3,3,91,39,47,33913947,SERVICOS DE COMUNICACAO EM GERAL,1,ORCAMENTO FISCAL,2,PRIMARIO DISCRICIONARIO,971.52
1927,MINISTERIO DO MEIO AMBIENTE,91842,INSTITUTO CHICO MENDES DE CONSERVACAO DA BIODIVERSIDADE,-9,NAO SE APLICA,3,2021,MAR/2021,3,2021,DSP001,AQUISICAO DE SERVICOS - PESSOAS JURIDICAS,4,AUTARQUIA,3,3,91,39,47,33913947,SERVICOS DE COMUNICACAO EM GERAL,1,ORCAMENTO FISCAL,2,PRIMARIO DISCRICIONARIO,2434.32
2846,MINISTERIO DA INFRAESTRUTURA,54844,DEPARTAMENTO NACIONAL DE INFRAESTRUTURA DE TRANSPORTES,-9,NAO SE APLICA,3,2021,ABR/2021,4,2021,DSP001,AQUISICAO DE SERVICOS - PESSOAS JURIDICAS,4,AUTARQUIA,3,3,91,39,47,33913947,SERVICOS DE COMUNICACAO EM GERAL,1,ORCAMENTO FISCAL,2,PRIMARIO DISCRICIONARIO,994.5
14,"MINISTERIO DA AGRICULTURA, PECUARIA E ABASTECIMENTO",1799,INSTITUTO NACIONAL DE COLONIZACAO E REFORMA AGRARIA,-9,NAO SE APLICA,4,2021,ABR/2021,4,2021,DSP001,AQUISICAO DE SERVICOS - PESSOAS JURIDICAS,4,AUTARQUIA,3,3,91,39,47,33913947,SERVICOS DE COMUNICACAO EM GERAL,1,ORCAMENTO FISCAL,2,PRIMARIO DISCRICIONARIO,930.24
244,MINISTERIO DA EDUCACAO,430,UNIVERSIDADE FEDERAL DO RIO GRANDE DO SUL,-9,NAO SE APLICA,3,2021,MAR/2021,3,2021,DSP001,AQUISICAO DE SERVICOS - PESSOAS JURIDICAS,4,AUTARQUIA,3,3,91,39,50,33913950,"SERV.MEDICO-HOSPITAL.,ODONTOL.E LABORATORIAIS",1,ORCAMENTO FISCAL,2,PRIMARIO DISCRICIONARIO,8373.65
244,MINISTERIO DA EDUCACAO,421,UNIVERSIDADE FEDERAL DA BAHIA,-9,NAO SE APLICA,1,2021,JAN/2021,1,2021,DSP001,AQUISICAO DE SERVICOS - PESSOAS JURIDICAS,4,AUTARQUIA,3,3,91,39,66,33913966,SERVICOS JUDICIARIOS,1,ORCAMENTO FISCAL,2,PRIMARIO DISCRICIONARIO,372.8
244,MINISTERIO DA EDUCACAO,426,UNIVERSIDADE FEDERAL DO RIO DE JANEIRO,-9,NAO SE APLICA,3,2021,MAR/2021,3,2021,ENC005,ENCARGOS COM OBRIGACOES TRIBUTARIAS E SOCIAIS - EXCETO FOLHA DE PAGAMENTO,4,AUTARQUIA,3,3,91,47,12,33914712,CONTRIBUICAO P/ O PIS/PASEP,1,ORCAMENTO FISCAL,2,PRIMARIO DISCRICIONARIO,123394.67
244,MINISTERIO DA EDUCACAO,453,"INSTITUTO FEDERAL DE EDUCACAO, CIENCIA E TECNOLOGIA DE SAO PAULO",-9,NAO SE APLICA,3,2021,MAR/2021,3,2021,ENC005,ENCARGOS COM OBRIGACOES TRIBUTARIAS E SOCIAIS - EXCETO FOLHA DE PAGAMENTO,4,AUTARQUIA,3,3,91,47,12,33914712,CONTRIBUICAO P/ O PIS/PASEP,1,ORCAMENTO FISCAL,2,PRIMARIO DISCRICIONARIO,221.5
244,MINISTERIO DA EDUCACAO,456,"INSTITUTO FEDERAL DE EDUCACAO, CIENCIA E TECNOLOGIA SUL-RIO-GRANDENSE",-9,NAO SE APLICA,3,2021,MAR/2021,3,2021,ENC005,ENCARGOS COM OBRIGACOES TRIBUTARIAS E SOCIAIS - EXCETO FOLHA DE PAGAMENTO,4,AUTARQUIA,3,3,91,47,12,33914712,CONTRIBUICAO P/ O PIS/PASEP,1,ORCAMENTO FISCAL,2,PRIMARIO DISCRICIONARIO,4.48
244,MINISTERIO DA EDUCACAO,459,UNIVERSIDADE FEDERAL DO TRIANGULO MINEIRO,-9,NAO SE APLICA,3,2021,MAR/2021,3,2021,ENC005,ENCARGOS COM OBRIGACOES TRIBUTARIAS E SOCIAIS - EXCETO FOLHA DE PAGAMENTO,4,AUTARQUIA,3,3,91,47,12,33914712,CONTRIBUICAO P/ O PIS/PASEP,1,ORCAMENTO FISCAL,2,PRIMARIO DISCRICIONARIO,2485.09
244,MINISTERIO DA EDUCACAO,100906,"INSTITUTO FEDERAL DE EDUCACAO, CIENCIA E TECNOLOGIA FARROUPILHA",105208,CAMPUS SANTO AUGUSTO,3,2021,MAR/2021,3,2021,ENC005,ENCARGOS COM OBRIGACOES TRIBUTARIAS E SOCIAIS - EXCETO FOLHA DE PAGAMENTO,4,AUTARQUIA,3,3,91,47,12,33914712,CONTRIBUICAO P/ O PIS/PASEP,1,ORCAMENTO FISCAL,2,PRIMARIO DISCRICIONARIO,20.24
244,MINISTERIO DA EDUCACAO,100919,"INSTITUTO FEDERAL DE EDUCACAO, CIENCIA E TECNOLOGIA CATARINENSE",103695,PRO-REITORIA DE ADMINISTRACAO,3,2021,MAR/2021,3,2021,ENC005,ENCARGOS COM OBRIGACOES TRIBUTARIAS E SOCIAIS - EXCETO FOLHA DE PAGAMENTO,4,AUTARQUIA,3,3,91,47,12,33914712,CONTRIBUICAO P/ O PIS/PASEP,1,ORCAMENTO FISCAL,2,PRIMARIO DISCRICIONARIO,370.51
244,MINISTERIO DA EDUCACAO,100920,"INSTITUTO FEDERAL DE EDUCACAO, CIENCIA E TECNOLOGIA BAIANO",122589,CAMPUS TEIXEIRA DE FREITAS,3,2021,MAR/2021,3,2021,ENC005,ENCARGOS COM OBRIGACOES TRIBUTARIAS E SOCIAIS - EXCETO FOLHA DE PAGAMENTO,4,AUTARQUIA,3,3,91,47,12,33914712,CONTRIBUICAO P/ O PIS/PASEP,1,ORCAMENTO FISCAL,2,PRIMARIO DISCRICIONARIO,35.72
235876,MINISTERIO DA ECONOMIA,478,COMISSAO DE VALORES MOBILIARIOS,-9,NAO SE APLICA,3,2021,MAR/2021,3,2021,ENC005,ENCARGOS COM OBRIGACOES TRIBUTARIAS E SOCIAIS - EXCETO FOLHA DE PAGAMENTO,4,AUTARQUIA,3,3,91,47,12,33914712,CONTRIBUICAO P/ O PIS/PASEP,1,ORCAMENTO FISCAL,2,PRIMARIO DISCRICIONARIO,381.44
244,MINISTERIO DA EDUCACAO,100916,"INSTITUTO FEDERAL DE EDUCACAO, CIENCIA E TECNOLOGIA DE MATO GROSSO",104910,CAMPUS CONFRESA,1,2021,ABR/2021,4,2021,ENC005,ENCARGOS COM OBRIGACOES TRIBUTARIAS E SOCIAIS - EXCETO FOLHA DE PAGAMENTO,4,AUTARQUIA,3,3,91,47,12,33914712,CONTRIBUICAO P/ O PIS/PASEP,1,ORCAMENTO FISCAL,2,PRIMARIO DISCRICIONARIO,1.4
244,MINISTERIO DA EDUCACAO,100919,"INSTITUTO FEDERAL DE EDUCACAO, CIENCIA E TECNOLOGIA CATARINENSE",5035,CAMPUS CONCORDIA,2,2021,MAR/2021,3,2021,DSP001,AQUISICAO DE SERVICOS - PESSOAS JURIDICAS,4,AUTARQUIA,3,3,91,39,47,33913947,SERVICOS DE COMUNICACAO EM GERAL,1,ORCAMENTO FISCAL,2,PRIMARIO DISCRICIONARIO,192.3
2852,MINISTERIO DE MINAS E ENERGIA,222120,AGENCIA NACIONAL DE MINERACAO,-9,NAO SE APLICA,1,2021,FEV/2021,2,2021,DVL081,DEVOLUCAO DE DESPESAS COM DIARIAS,4,AUTARQUIA,3,3,90,14,14,33901414,DIARIAS NO PAIS,1,ORCAMENTO FISCAL,2,PRIMARIO DISCRICIONARIO,-3364.34
14,"MINISTERIO DA AGRICULTURA, PECUARIA E ABASTECIMENTO",1799,INSTITUTO NACIONAL DE COLONIZACAO E REFORMA AGRARIA,-9,NAO SE APLICA,2,2021,FEV/2021,2,2021,DVL081,DEVOLUCAO DE DESPESAS COM DIARIAS,4,AUTARQUIA,3,3,90,14,14,33901414,DIARIAS NO PAIS,1,ORCAMENTO FISCAL,2,PRIMARIO DISCRICIONARIO,-239.7
244,MINISTERIO DA EDUCACAO,100912,"INSTITUTO FEDERAL DE EDUCACAO, CIENCIA E TECNOLOGIA DO ESPIRITO SANTO",105099,REITORIA,2,2021,FEV/2021,2,2021,DVL081,DEVOLUCAO DE DESPESAS COM DIARIAS,4,AUTARQUIA,3,3,90,14,14,33901414,DIARIAS NO PAIS,1,ORCAMENTO FISCAL,2,PRIMARIO DISCRICIONARIO,-223.86
1927,MINISTERIO DO MEIO AMBIENTE,1812,INSTITUTO BRASILEIRO DO MEIO AMBIENTE E DOS RECURSOS NATURAIS RENOVAVEIS,-9,NAO SE APLICA,2,2021,FEV/2021,2,2021,DVL081,DEVOLUCAO DE DESPESAS COM DIARIAS,4,AUTARQUIA,3,3,90,14,14,33901414,DIARIAS NO PAIS,1,ORCAMENTO FISCAL,2,PRIMARIO DISCRICIONARIO,-5280.4
2846,MINISTERIO DA INFRAESTRUTURA,54793,AGENCIA NACIONAL DE TRANSPORTES TERRESTRES,-9,NAO SE APLICA,2,2021,FEV/2021,2,2021,DVL081,DEVOLUCAO DE DESPESAS COM DIARIAS,4,AUTARQUIA,3,3,90,14,14,33901414,DIARIAS NO PAIS,1,ORCAMENTO FISCAL,2,PRIMARIO DISCRICIONARIO,-1827.3
2846,MINISTERIO DA INFRAESTRUTURA,54844,DEPARTAMENTO NACIONAL DE INFRAESTRUTURA DE TRANSPORTES,-9,NAO SE APLICA,2,2021,FEV/2021,2,2021,DVL081,DEVOLUCAO DE DESPESAS COM DIARIAS,4,AUTARQUIA,3,3,90,14,14,33901414,DIARIAS NO PAIS,1,ORCAMENTO FISCAL,2,PRIMARIO DISCRICIONARIO,-900.02
2846,MINISTERIO DA INFRAESTRUTURA,54844,DEPARTAMENTO NACIONAL DE INFRAESTRUTURA DE TRANSPORTES,69290,SUPERINTENDENCIA REGIONAL DO DNIT NO ESTADO DE RONDONIA,2,2021,FEV/2021,2,2021,DVL081,DEVOLUCAO DE DESPESAS COM DIARIAS,4,AUTARQUIA,3,3,90,14,14,33901414,DIARIAS NO PAIS,1,ORCAMENTO FISCAL,2,PRIMARIO DISCRICIONARIO,-468.54
2846,MINISTERIO DA INFRAESTRUTURA,54844,DEPARTAMENTO NACIONAL DE INFRAESTRUTURA DE TRANSPORTES,69291,SUPERINTENDENCIA REGIONAL DO DNIT NO ESTADO DO PARANA,2,2021,FEV/2021,2,2021,DVL081,DEVOLUCAO DE DESPESAS COM DIARIAS,4,AUTARQUIA,3,3,90,14,14,33901414,DIARIAS NO PAIS,1,ORCAMENTO FISCAL,2,PRIMARIO DISCRICIONARIO,-677.9
2846,MINISTERIO DA INFRAESTRUTURA,54844,DEPARTAMENTO NACIONAL DE INFRAESTRUTURA DE TRANSPORTES,69300,SUPERINTENDENCIA REGIONAL DO DNIT NO ESTADO DO PIAUI,2,2021,FEV/2021,2,2021,DVL081,DEVOLUCAO DE DESPESAS COM DIARIAS,4,AUTARQUIA,3,3,90,14,14,33901414,DIARIAS NO PAIS,1,ORCAMENTO FISCAL,2,PRIMARIO DISCRICIONARIO,-847.65
2846,MINISTERIO DA INFRAESTRUTURA,86144,AGENCIA NACIONAL DE AVIACAO CIVIL,-9,NAO SE APLICA,2,2021,FEV/2021,2,2021,DVL081,DEVOLUCAO DE DESPESAS COM DIARIAS,4,AUTARQUIA,3,3,90,14,14,33901414,DIARIAS NO PAIS,1,ORCAMENTO FISCAL,2,PRIMARIO DISCRICIONARIO,-1556.58
2846,MINISTERIO DA INFRAESTRUTURA,86144,AGENCIA NACIONAL DE AVIACAO CIVIL,86556,SUPERINTENDENCIA DE PADROES OPERACIONAIS,2,2021,FEV/2021,2,2021,DVL081,DEVOLUCAO DE DESPESAS COM DIARIAS,4,AUTARQUIA,3,3,90,14,14,33901414,DIARIAS NO PAIS,1,ORCAMENTO FISCAL,2,PRIMARIO DISCRICIONARIO,-273.28
2852,MINISTERIO DE MINAS E ENERGIA,222120,AGENCIA NACIONAL DE MINERACAO,-9,NAO SE APLICA,2,2021,FEV/2021,2,2021,DVL081,DEVOLUCAO DE DESPESAS COM DIARIAS,4,AUTARQUIA,3,3,90,14,14,33901414,DIARIAS NO PAIS,1,ORCAMENTO FISCAL,2,PRIMARIO DISCRICIONARIO,-3608.41
244,MINISTERIO DA EDUCACAO,423,UNIVERSIDADE FEDERAL DE MINAS GERAIS,-9,NAO SE APLICA,3,2021,MAR/2021,3,2021,DVL001,DEVOLUCAO DE DESPESAS COM CONTRATACAO DE SERVICOS - PESSOAS JURIDICAS,4,AUTARQUIA,3,3,90,39,79,33903979,"SERV. DE APOIO ADMIN., TECNICO E OPERACIONAL",1,ORCAMENTO FISCAL,2,PRIMARIO DISCRICIONARIO,-8649.6
2846,MINISTERIO DA INFRAESTRUTURA,54793,AGENCIA NACIONAL DE TRANSPORTES TERRESTRES,-9,NAO SE APLICA,1,2021,JAN/2021,1,2021,DVL001,DEVOLUCAO DE DESPESAS COM CONTRATACAO DE SERVICOS - PESSOAS JURIDICAS,4,AUTARQUIA,3,3,90,40,14,33904014,TELEFONIA FIXA E MOVEL - PACOTE DE COMUNICACAO DE DADOS,1,ORCAMENTO FISCAL,2,PRIMARIO DISCRICIONARIO,-164.17
244,MINISTERIO DA EDUCACAO,423,UNIVERSIDADE FEDERAL DE MINAS GERAIS,11795,CENTRO DE COMPUTACAO,1,2021,FEV/2021,2,2021,DVL001,DEVOLUCAO DE DESPESAS COM CONTRATACAO DE SERVICOS - PESSOAS JURIDICAS,4,AUTARQUIA,3,3,90,40,14,33904014,TELEFONIA FIXA E MOVEL - PACOTE DE COMUNICACAO DE DADOS,1,ORCAMENTO FISCAL,2,PRIMARIO DISCRICIONARIO,-137.35
2846,MINISTERIO DA INFRAESTRUTURA,54793,AGENCIA NACIONAL DE TRANSPORTES TERRESTRES,-9,NAO SE APLICA,2,2021,FEV/2021,2,2021,DVL001,DEVOLUCAO DE DESPESAS COM CONTRATACAO DE SERVICOS - PESSOAS JURIDICAS,4,AUTARQUIA,3,3,90,40,14,33904014,TELEFONIA FIXA E MOVEL - PACOTE DE COMUNICACAO DE DADOS,1,ORCAMENTO FISCAL,2,PRIMARIO DISCRICIONARIO,-649.99
244,MINISTERIO DA EDUCACAO,423,UNIVERSIDADE FEDERAL DE MINAS GERAIS,11795,CENTRO DE COMPUTACAO,2,2021,MAR/2021,3,2021,DVL001,DEVOLUCAO DE DESPESAS COM CONTRATACAO DE SERVICOS - PESSOAS JURIDICAS,4,AUTARQUIA,3,3,90,40,14,33904014,TELEFONIA FIXA E MOVEL - PACOTE DE COMUNICACAO DE DADOS,1,ORCAMENTO FISCAL,2,PRIMARIO DISCRICIONARIO,-2186.61
2846,MINISTERIO DA INFRAESTRUTURA,54793,AGENCIA NACIONAL DE TRANSPORTES TERRESTRES,-9,NAO SE APLICA,3,2021,MAR/2021,3,2021,DVL001,DEVOLUCAO DE DESPESAS COM CONTRATACAO DE SERVICOS - PESSOAS JURIDICAS,4,AUTARQUIA,3,3,90,40,14,33904014,TELEFONIA FIXA E MOVEL - PACOTE DE COMUNICACAO DE DADOS,1,ORCAMENTO FISCAL,2,PRIMARIO DISCRICIONARIO,-692.42
244,MINISTERIO DA EDUCACAO,100916,"INSTITUTO FEDERAL DE EDUCACAO, CIENCIA E TECNOLOGIA DE MATO GROSSO",104910,CAMPUS CONFRESA,3,2021,MAR/2021,3,2021,DVL001,DEVOLUCAO DE DESPESAS COM CONTRATACAO DE SERVICOS - PESSOAS JURIDICAS,4,AUTARQUIA,3,3,90,47,27,33904727,MULTAS INDEDUTIVEIS,1,ORCAMENTO FISCAL,2,PRIMARIO DISCRICIONARIO,-23.39
244,MINISTERIO DA EDUCACAO,423,UNIVERSIDADE FEDERAL DE MINAS GERAIS,11766,FACULDADE DE CIENCIAS ECONOMICAS,2,2021,FEV/2021,2,2021,DVL001,DEVOLUCAO DE DESPESAS COM CONTRATACAO DE SERVICOS - PESSOAS JURIDICAS,4,AUTARQUIA,3,3,90,47,99,33904799,OUTRAS OBRIGACOES TRIBUTARIAS E CONTRIBUTIVAS,1,ORCAMENTO FISCAL,2,PRIMARIO DISCRICIONARIO,-47.25
244,MINISTERIO DA EDUCACAO,425,UNIVERSIDADE FEDERAL DO ESPIRITO SANTO,-9,NAO SE APLICA,3,2021,MAR/2021,3,2021,DVL001,DEVOLUCAO DE DESPESAS COM CONTRATACAO DE SERVICOS - PESSOAS JURIDICAS,4,AUTARQUIA,3,3,90,92,39,33909239,OUTROS SERVICOS DE TERCEIROS - PJ,1,ORCAMENTO FISCAL,2,PRIMARIO DISCRICIONARIO,-43602.56
2846,MINISTERIO DA INFRAESTRUTURA,54844,DEPARTAMENTO NACIONAL DE INFRAESTRUTURA DE TRANSPORTES,-9,NAO SE APLICA,2,2021,FEV/2021,2,2021,DVL001,DEVOLUCAO DE DESPESAS COM CONTRATACAO DE SERVICOS - PESSOAS JURIDICAS,4,AUTARQUIA,3,3,91,39,47,33913947,SERVICOS DE COMUNICACAO EM GERAL,1,ORCAMENTO FISCAL,2,PRIMARIO DISCRICIONARIO,-430.13
244,MINISTERIO DA EDUCACAO,416,UNIVERSIDADE FEDERAL DO CEARA,-9,NAO SE APLICA,1,2021,JAN/2021,1,2021,DVL001,DEVOLUCAO DE DESPESAS COM CONTRATACAO DE SERVICOS - PESSOAS JURIDICAS,4,AUTARQUIA,3,3,91,47,16,33914716,JUROS,1,ORCAMENTO FISCAL,2,PRIMARIO DISCRICIONARIO,-2412.27
244,MINISTERIO DA EDUCACAO,416,UNIVERSIDADE FEDERAL DO CEARA,-9,NAO SE APLICA,2,2021,FEV/2021,2,2021,DVL001,DEVOLUCAO DE DESPESAS COM CONTRATACAO DE SERVICOS - PESSOAS JURIDICAS,4,AUTARQUIA,3,3,91,47,16,33914716,JUROS,1,ORCAMENTO FISCAL,2,PRIMARIO DISCRICIONARIO,-916.89
244,MINISTERIO DA EDUCACAO,416,UNIVERSIDADE FEDERAL DO CEARA,-9,NAO SE APLICA,1,2021,MAR/2021,3,2021,DVL001,DEVOLUCAO DE DESPESAS COM CONTRATACAO DE SERVICOS - PESSOAS JURIDICAS,4,AUTARQUIA,3,3,91,47,16,33914716,JUROS,1,ORCAMENTO FISCAL,2,PRIMARIO DISCRICIONARIO,-367.36
244,MINISTERIO DA EDUCACAO,416,UNIVERSIDADE FEDERAL DO CEARA,-9,NAO SE APLICA,3,2021,MAR/2021,3,2021,DVL001,DEVOLUCAO DE DESPESAS COM CONTRATACAO DE SERVICOS - PESSOAS JURIDICAS,4,AUTARQUIA,3,3,91,47,16,33914716,JUROS,1,ORCAMENTO FISCAL,2,PRIMARIO DISCRICIONARIO,-254.01
244,MINISTERIO DA EDUCACAO,419,UNIVERSIDADE FEDERAL DA PARAIBA,-9,NAO SE APLICA,1,2021,JAN/2021,1,2021,DVL061,DEVOLUCAO DE DESPESAS COM BOLSAS DE ESTUDO E INCENTIVOS A CULTURA,4,AUTARQUIA,3,3,90,18,1,33901801,BOLSAS DE ESTUDO NO PAIS,1,ORCAMENTO FISCAL,2,PRIMARIO DISCRICIONARIO,-400.0
244,MINISTERIO DA EDUCACAO,424,UNIVERSIDADE FEDERAL DE JUIZ DE FORA,-9,NAO SE APLICA,1,2021,JAN/2021,1,2021,DVL061,DEVOLUCAO DE DESPESAS COM BOLSAS DE ESTUDO E INCENTIVOS A CULTURA,4,AUTARQUIA,3,3,90,18,1,33901801,BOLSAS DE ESTUDO NO PAIS,1,ORCAMENTO FISCAL,2,PRIMARIO DISCRICIONARIO,-350.0
244,MINISTERIO DA EDUCACAO,427,UNIVERSIDADE FEDERAL FLUMINENSE,-9,NAO SE APLICA,1,2021,JAN/2021,1,2021,DVL061,DEVOLUCAO DE DESPESAS COM BOLSAS DE ESTUDO E INCENTIVOS A CULTURA,4,AUTARQUIA,3,3,90,18,1,33901801,BOLSAS DE ESTUDO NO PAIS,1,ORCAMENTO FISCAL,2,PRIMARIO DISCRICIONARIO,-82.0
244,MINISTERIO DA EDUCACAO,428,UNIVERSIDADE FEDERAL DO PARANA,-9,NAO SE APLICA,1,2021,JAN/2021,1,2021,DVL061,DEVOLUCAO DE DESPESAS COM BOLSAS DE ESTUDO E INCENTIVOS A CULTURA,4,AUTARQUIA,3,3,90,18,1,33901801,BOLSAS DE ESTUDO NO PAIS,1,ORCAMENTO FISCAL,2,PRIMARIO DISCRICIONARIO,-250.0
244,MINISTERIO DA EDUCACAO,67671,UNIVERSIDADE FEDERAL DE CAMPINA GRANDE,-9,NAO SE APLICA,1,2021,JAN/2021,1,2021,DVL061,DEVOLUCAO DE DESPESAS COM BOLSAS DE ESTUDO E INCENTIVOS A CULTURA,4,AUTARQUIA,3,3,90,18,1,33901801,BOLSAS DE ESTUDO NO PAIS,1,ORCAMENTO FISCAL,2,PRIMARIO DISCRICIONARIO,-25.99
244,MINISTERIO DA EDUCACAO,420,UNIVERSIDADE FEDERAL DE ALAGOAS,-9,NAO SE APLICA,2,2021,MAR/2021,3,2021,ENC001,ENCARGOS DE INSS S/ SALARIOS E REMUNERACOES - RECOLHIMENTO POR GPS,4,AUTARQUIA,3,1,91,4,15,31910415,OBRIGACOES PATRONAIS,1,ORCAMENTO FISCAL,1,PRIMARIO OBRIGATORIO,50552.0
244,MINISTERIO DA EDUCACAO,423,UNIVERSIDADE FEDERAL DE MINAS GERAIS,-9,NAO SE APLICA,2,2021,MAR/2021,3,2021,ENC001,ENCARGOS DE INSS S/ SALARIOS E REMUNERACOES - RECOLHIMENTO POR GPS,4,AUTARQUIA,3,1,91,4,15,31910415,OBRIGACOES PATRONAIS,1,ORCAMENTO FISCAL,1,PRIMARIO OBRIGATORIO,103377.13
244,MINISTERIO DA EDUCACAO,453,"INSTITUTO FEDERAL DE EDUCACAO, CIENCIA E TECNOLOGIA DE SAO PAULO",-9,NAO SE APLICA,2,2021,MAR/2021,3,2021,ENC001,ENCARGOS DE INSS S/ SALARIOS E REMUNERACOES - RECOLHIMENTO POR GPS,4,AUTARQUIA,3,1,91,4,15,31910415,OBRIGACOES PATRONAIS,1,ORCAMENTO FISCAL,1,PRIMARIO OBRIGATORIO,245.41
244,MINISTERIO DA EDUCACAO,454,UNIVERSIDADE TECNOLOGICA FEDERAL DO PARANA,-9,NAO SE APLICA,2,2021,MAR/2021,3,2021,ENC001,ENCARGOS DE INSS S/ SALARIOS E REMUNERACOES - RECOLHIMENTO POR GPS,4,AUTARQUIA,3,1,91,4,15,31910415,OBRIGACOES PATRONAIS,1,ORCAMENTO FISCAL,1,PRIMARIO OBRIGATORIO,1766.08
244,MINISTERIO DA EDUCACAO,461,UNIVERSIDADE FEDERAL DE ALFENAS,-9,NAO SE APLICA,2,2021,MAR/2021,3,2021,ENC001,ENCARGOS DE INSS S/ SALARIOS E REMUNERACOES - RECOLHIMENTO POR GPS,4,AUTARQUIA,3,1,91,4,15,31910415,OBRIGACOES PATRONAIS,1,ORCAMENTO FISCAL,1,PRIMARIO OBRIGATORIO,1560.18
244,MINISTERIO DA EDUCACAO,100901,"INSTITUTO FEDERAL DE EDUCACAO, CIENCIA E TECNOLOGIA DO NORTE DE MINAS GERAIS",-9,NAO SE APLICA,2,2021,MAR/2021,3,2021,ENC001,ENCARGOS DE INSS S/ SALARIOS E REMUNERACOES - RECOLHIMENTO POR GPS,4,AUTARQUIA,3,1,91,4,15,31910415,OBRIGACOES PATRONAIS,1,ORCAMENTO FISCAL,1,PRIMARIO OBRIGATORIO,149.9
244,MINISTERIO DA EDUCACAO,100911,"INSTITUTO FEDERAL DE EDUCACAO, CIENCIA E TECNOLOGIA DO CEARA",-9,NAO SE APLICA,2,2021,MAR/2021,3,2021,ENC001,ENCARGOS DE INSS S/ SALARIOS E REMUNERACOES - RECOLHIMENTO POR GPS,4,AUTARQUIA,3,1,91,4,15,31910415,OBRIGACOES PATRONAIS,1,ORCAMENTO FISCAL,1,PRIMARIO OBRIGATORIO,62065.94
244,MINISTERIO DA EDUCACAO,100919,"INSTITUTO FEDERAL DE EDUCACAO, CIENCIA E TECNOLOGIA CATARINENSE",-9,NAO SE APLICA,2,2021,MAR/2021,3,2021,ENC001,ENCARGOS DE INSS S/ SALARIOS E REMUNERACOES - RECOLHIMENTO POR GPS,4,AUTARQUIA,3,1,91,4,15,31910415,OBRIGACOES PATRONAIS,1,ORCAMENTO FISCAL,1,PRIMARIO OBRIGATORIO,754.27
244,MINISTERIO DA EDUCACAO,100919,"INSTITUTO FEDERAL DE EDUCACAO, CIENCIA E TECNOLOGIA CATARINENSE",103695,PRO-REITORIA DE ADMINISTRACAO,2,2021,MAR/2021,3,2021,ENC001,ENCARGOS DE INSS S/ SALARIOS E REMUNERACOES - RECOLHIMENTO POR GPS,4,AUTARQUIA,3,1,91,4,15,31910415,OBRIGACOES PATRONAIS,1,ORCAMENTO FISCAL,1,PRIMARIO OBRIGATORIO,107279.2
244,MINISTERIO DA EDUCACAO,100931,"INSTITUTO FEDERAL DE EDUCACAO, CIENCIA E TECNOLOGIA FLUMINENSE",-9,NAO SE APLICA,2,2021,MAR/2021,3,2021,ENC001,ENCARGOS DE INSS S/ SALARIOS E REMUNERACOES - RECOLHIMENTO POR GPS,4,AUTARQUIA,3,1,91,4,15,31910415,OBRIGACOES PATRONAIS,1,ORCAMENTO FISCAL,1,PRIMARIO OBRIGATORIO,54.66
244,MINISTERIO DA EDUCACAO,249,INSTITUTO NACIONAL DE ESTUDOS E PESQUISAS EDUCACIONAIS ANISIO TEIXEIRA,-9,NAO SE APLICA,3,2021,MAR/2021,3,2021,ENC001,ENCARGOS DE INSS S/ SALARIOS E REMUNERACOES - RECOLHIMENTO POR GPS,4,AUTARQUIA,3,1,91,4,15,31910415,OBRIGACOES PATRONAIS,1,ORCAMENTO FISCAL,1,PRIMARIO OBRIGATORIO,14900.9
244,MINISTERIO DA EDUCACAO,256,COLEGIO PEDRO II,-9,NAO SE APLICA,3,2021,MAR/2021,3,2021,ENC001,ENCARGOS DE INSS S/ SALARIOS E REMUNERACOES - RECOLHIMENTO POR GPS,4,AUTARQUIA,3,1,91,4,15,31910415,OBRIGACOES PATRONAIS,1,ORCAMENTO FISCAL,1,PRIMARIO OBRIGATORIO,88763.68
244,MINISTERIO DA EDUCACAO,416,UNIVERSIDADE FEDERAL DO CEARA,-9,NAO SE APLICA,3,2021,MAR/2021,3,2021,ENC001,ENCARGOS DE INSS S/ SALARIOS E REMUNERACOES - RECOLHIMENTO POR GPS,4,AUTARQUIA,3,1,91,4,15,31910415,OBRIGACOES PATRONAIS,1,ORCAMENTO FISCAL,1,PRIMARIO OBRIGATORIO,178113.09
244,MINISTERIO DA EDUCACAO,100906,"INSTITUTO FEDERAL DE EDUCACAO, CIENCIA E TECNOLOGIA FARROUPILHA",105208,CAMPUS SANTO AUGUSTO,2,2021,FEV/2021,2,2021,DVL001,DEVOLUCAO DE DESPESAS COM CONTRATACAO DE SERVICOS - PESSOAS JURIDICAS,4,AUTARQUIA,3,3,91,39,90,33913990,SERVICOS DE PUBLICIDADE LEGAL,1,ORCAMENTO FISCAL,2,PRIMARIO DISCRICIONARIO,-217.18
244,MINISTERIO DA EDUCACAO,421,UNIVERSIDADE FEDERAL DA BAHIA,-9,NAO SE APLICA,3,2021,MAR/2021,3,2021,ENC001,ENCARGOS DE INSS S/ SALARIOS E REMUNERACOES - RECOLHIMENTO POR GPS,4,AUTARQUIA,3,1,91,4,15,31910415,OBRIGACOES PATRONAIS,1,ORCAMENTO FISCAL,1,PRIMARIO OBRIGATORIO,233327.4
244,MINISTERIO DA EDUCACAO,423,UNIVERSIDADE FEDERAL DE MINAS GERAIS,-9,NAO SE APLICA,3,2021,MAR/2021,3,2021,ENC001,ENCARGOS DE INSS S/ SALARIOS E REMUNERACOES - RECOLHIMENTO POR GPS,4,AUTARQUIA,3,1,91,4,15,31910415,OBRIGACOES PATRONAIS,1,ORCAMENTO FISCAL,1,PRIMARIO OBRIGATORIO,108427.5
244,MINISTERIO DA EDUCACAO,427,UNIVERSIDADE FEDERAL FLUMINENSE,-9,NAO SE APLICA,3,2021,MAR/2021,3,2021,ENC001,ENCARGOS DE INSS S/ SALARIOS E REMUNERACOES - RECOLHIMENTO POR GPS,4,AUTARQUIA,3,1,91,4,15,31910415,OBRIGACOES PATRONAIS,1,ORCAMENTO FISCAL,1,PRIMARIO OBRIGATORIO,92682.3
244,MINISTERIO DA EDUCACAO,453,"INSTITUTO FEDERAL DE EDUCACAO, CIENCIA E TECNOLOGIA DE SAO PAULO",-9,NAO SE APLICA,3,2021,MAR/2021,3,2021,ENC001,ENCARGOS DE INSS S/ SALARIOS E REMUNERACOES - RECOLHIMENTO POR GPS,4,AUTARQUIA,3,1,91,4,15,31910415,OBRIGACOES PATRONAIS,1,ORCAMENTO FISCAL,1,PRIMARIO OBRIGATORIO,348615.92
244,MINISTERIO DA EDUCACAO,454,UNIVERSIDADE TECNOLOGICA FEDERAL DO PARANA,-9,NAO SE APLICA,3,2021,MAR/2021,3,2021,ENC001,ENCARGOS DE INSS S/ SALARIOS E REMUNERACOES - RECOLHIMENTO POR GPS,4,AUTARQUIA,3,1,91,4,15,31910415,OBRIGACOES PATRONAIS,1,ORCAMENTO FISCAL,1,PRIMARIO OBRIGATORIO,94586.32
244,MINISTERIO DA EDUCACAO,458,UNIVERSIDADE FEDERAL RURAL DO SEMI-ARIDO,-9,NAO SE APLICA,3,2021,MAR/2021,3,2021,ENC001,ENCARGOS DE INSS S/ SALARIOS E REMUNERACOES - RECOLHIMENTO POR GPS,4,AUTARQUIA,3,1,91,4,15,31910415,OBRIGACOES PATRONAIS,1,ORCAMENTO FISCAL,1,PRIMARIO OBRIGATORIO,81794.96
244,MINISTERIO DA EDUCACAO,461,UNIVERSIDADE FEDERAL DE ALFENAS,-9,NAO SE APLICA,3,2021,MAR/2021,3,2021,ENC001,ENCARGOS DE INSS S/ SALARIOS E REMUNERACOES - RECOLHIMENTO POR GPS,4,AUTARQUIA,3,1,91,4,15,31910415,OBRIGACOES PATRONAIS,1,ORCAMENTO FISCAL,1,PRIMARIO OBRIGATORIO,75630.91
244,MINISTERIO DA EDUCACAO,463,UNIVERSIDADE FEDERAL DE LAVRAS,-9,NAO SE APLICA,3,2021,MAR/2021,3,2021,ENC001,ENCARGOS DE INSS S/ SALARIOS E REMUNERACOES - RECOLHIMENTO POR GPS,4,AUTARQUIA,3,1,91,4,15,31910415,OBRIGACOES PATRONAIS,1,ORCAMENTO FISCAL,1,PRIMARIO OBRIGATORIO,48081.9
304,MINISTERIO DA SAUDE,36687,AGENCIA NACIONAL DE VIGILANCIA SANITARIA,-9,NAO SE APLICA,1,2021,JAN/2021,1,2021,ENC001,ENCARGOS DE INSS S/ SALARIOS E REMUNERACOES - RECOLHIMENTO POR GPS,4,AUTARQUIA,3,1,91,13,2,31911302,CONTRIBUICOES PREVIDENCIARIAS - INSS,2,ORCAMENTO DE SEGURIDADE SOCIAL,1,PRIMARIO OBRIGATORIO,55208.96
304,MINISTERIO DA SAUDE,45013,AGENCIA NACIONAL DE SAUDE SUPLEMENTAR,-9,NAO SE APLICA,1,2021,JAN/2021,1,2021,ENC001,ENCARGOS DE INSS S/ SALARIOS E REMUNERACOES - RECOLHIMENTO POR GPS,4,AUTARQUIA,3,1,91,13,2,31911302,CONTRIBUICOES PREVIDENCIARIAS - INSS,2,ORCAMENTO DE SEGURIDADE SOCIAL,1,PRIMARIO OBRIGATORIO,105019.11
235876,MINISTERIO DA ECONOMIA,1934,INSTITUTO NACIONAL DO SEGURO SOCIAL,-9,NAO SE APLICA,1,2021,JAN/2021,1,2021,ENC001,ENCARGOS DE INSS S/ SALARIOS E REMUNERACOES - RECOLHIMENTO POR GPS,4,AUTARQUIA,3,1,91,13,2,31911302,CONTRIBUICOES PREVIDENCIARIAS - INSS,2,ORCAMENTO DE SEGURIDADE SOCIAL,1,PRIMARIO OBRIGATORIO,36978.02
235876,MINISTERIO DA ECONOMIA,105915,SUPERINTENDENCIA NACIONAL DE PREVIDENCIA COMPLEMENTAR,-9,NAO SE APLICA,1,2021,JAN/2021,1,2021,ENC001,ENCARGOS DE INSS S/ SALARIOS E REMUNERACOES - RECOLHIMENTO POR GPS,4,AUTARQUIA,3,1,91,13,2,31911302,CONTRIBUICOES PREVIDENCIARIAS - INSS,2,ORCAMENTO DE SEGURIDADE SOCIAL,1,PRIMARIO OBRIGATORIO,16478.92
244,MINISTERIO DA EDUCACAO,425,UNIVERSIDADE FEDERAL DO ESPIRITO SANTO,-9,NAO SE APLICA,2,2021,FEV/2021,2,2021,ENC001,ENCARGOS DE INSS S/ SALARIOS E REMUNERACOES - RECOLHIMENTO POR GPS,4,AUTARQUIA,3,1,91,13,2,31911302,CONTRIBUICOES PREVIDENCIARIAS - INSS,2,ORCAMENTO DE SEGURIDADE SOCIAL,1,PRIMARIO OBRIGATORIO,385.6
244,MINISTERIO DA EDUCACAO,426,UNIVERSIDADE FEDERAL DO RIO DE JANEIRO,-9,NAO SE APLICA,2,2021,FEV/2021,2,2021,ENC001,ENCARGOS DE INSS S/ SALARIOS E REMUNERACOES - RECOLHIMENTO POR GPS,4,AUTARQUIA,3,1,91,13,2,31911302,CONTRIBUICOES PREVIDENCIARIAS - INSS,2,ORCAMENTO DE SEGURIDADE SOCIAL,1,PRIMARIO OBRIGATORIO,175455.94
244,MINISTERIO DA EDUCACAO,427,UNIVERSIDADE FEDERAL FLUMINENSE,-9,NAO SE APLICA,2,2021,FEV/2021,2,2021,ENC001,ENCARGOS DE INSS S/ SALARIOS E REMUNERACOES - RECOLHIMENTO POR GPS,4,AUTARQUIA,3,1,91,13,2,31911302,CONTRIBUICOES PREVIDENCIARIAS - INSS,2,ORCAMENTO DE SEGURIDADE SOCIAL,1,PRIMARIO OBRIGATORIO,30131.78
244,MINISTERIO DA EDUCACAO,427,UNIVERSIDADE FEDERAL FLUMINENSE,34703,HOSPITAL UNIVERSITARIO ANTONIO PEDRO,2,2021,FEV/2021,2,2021,ENC001,ENCARGOS DE INSS S/ SALARIOS E REMUNERACOES - RECOLHIMENTO POR GPS,4,AUTARQUIA,3,1,91,13,2,31911302,CONTRIBUICOES PREVIDENCIARIAS - INSS,2,ORCAMENTO DE SEGURIDADE SOCIAL,1,PRIMARIO OBRIGATORIO,64422.43
244,MINISTERIO DA EDUCACAO,464,UNIVERSIDADE FEDERAL DE SAO PAULO,-9,NAO SE APLICA,2,2021,FEV/2021,2,2021,ENC001,ENCARGOS DE INSS S/ SALARIOS E REMUNERACOES - RECOLHIMENTO POR GPS,4,AUTARQUIA,3,1,91,13,2,31911302,CONTRIBUICOES PREVIDENCIARIAS - INSS,2,ORCAMENTO DE SEGURIDADE SOCIAL,1,PRIMARIO OBRIGATORIO,20268.64
304,MINISTERIO DA SAUDE,36687,AGENCIA NACIONAL DE VIGILANCIA SANITARIA,-9,NAO SE APLICA,2,2021,FEV/2021,2,2021,ENC001,ENCARGOS DE INSS S/ SALARIOS E REMUNERACOES - RECOLHIMENTO POR GPS,4,AUTARQUIA,3,1,91,13,2,31911302,CONTRIBUICOES PREVIDENCIARIAS - INSS,2,ORCAMENTO DE SEGURIDADE SOCIAL,1,PRIMARIO OBRIGATORIO,53367.85
304,MINISTERIO DA SAUDE,45013,AGENCIA NACIONAL DE SAUDE SUPLEMENTAR,-9,NAO SE APLICA,2,2021,FEV/2021,2,2021,ENC001,ENCARGOS DE INSS S/ SALARIOS E REMUNERACOES - RECOLHIMENTO POR GPS,4,AUTARQUIA,3,1,91,13,2,31911302,CONTRIBUICOES PREVIDENCIARIAS - INSS,2,ORCAMENTO DE SEGURIDADE SOCIAL,1,PRIMARIO OBRIGATORIO,107346.51
235876,MINISTERIO DA ECONOMIA,1934,INSTITUTO NACIONAL DO SEGURO SOCIAL,-9,NAO SE APLICA,2,2021,FEV/2021,2,2021,ENC001,ENCARGOS DE INSS S/ SALARIOS E REMUNERACOES - RECOLHIMENTO POR GPS,4,AUTARQUIA,3,1,91,13,2,31911302,CONTRIBUICOES PREVIDENCIARIAS - INSS,2,ORCAMENTO DE SEGURIDADE SOCIAL,1,PRIMARIO OBRIGATORIO,38759.82
235876,MINISTERIO DA ECONOMIA,105915,SUPERINTENDENCIA NACIONAL DE PREVIDENCIA COMPLEMENTAR,-9,NAO SE APLICA,2,2021,FEV/2021,2,2021,ENC001,ENCARGOS DE INSS S/ SALARIOS E REMUNERACOES - RECOLHIMENTO POR GPS,4,AUTARQUIA,3,1,91,13,2,31911302,CONTRIBUICOES PREVIDENCIARIAS - INSS,2,ORCAMENTO DE SEGURIDADE SOCIAL,1,PRIMARIO OBRIGATORIO,15478.6
244,MINISTERIO DA EDUCACAO,425,UNIVERSIDADE FEDERAL DO ESPIRITO SANTO,-9,NAO SE APLICA,3,2021,MAR/2021,3,2021,ENC001,ENCARGOS DE INSS S/ SALARIOS E REMUNERACOES - RECOLHIMENTO POR GPS,4,AUTARQUIA,3,1,91,13,2,31911302,CONTRIBUICOES PREVIDENCIARIAS - INSS,2,ORCAMENTO DE SEGURIDADE SOCIAL,1,PRIMARIO OBRIGATORIO,385.6
244,MINISTERIO DA EDUCACAO,426,UNIVERSIDADE FEDERAL DO RIO DE JANEIRO,-9,NAO SE APLICA,3,2021,MAR/2021,3,2021,ENC001,ENCARGOS DE INSS S/ SALARIOS E REMUNERACOES - RECOLHIMENTO POR GPS,4,AUTARQUIA,3,1,91,13,2,31911302,CONTRIBUICOES PREVIDENCIARIAS - INSS,2,ORCAMENTO DE SEGURIDADE SOCIAL,1,PRIMARIO OBRIGATORIO,175172.41
244,MINISTERIO DA EDUCACAO,427,UNIVERSIDADE FEDERAL FLUMINENSE,-9,NAO SE APLICA,3,2021,MAR/2021,3,2021,ENC001,ENCARGOS DE INSS S/ SALARIOS E REMUNERACOES - RECOLHIMENTO POR GPS,4,AUTARQUIA,3,1,91,13,2,31911302,CONTRIBUICOES PREVIDENCIARIAS - INSS,2,ORCAMENTO DE SEGURIDADE SOCIAL,1,PRIMARIO OBRIGATORIO,30920.22
244,MINISTERIO DA EDUCACAO,427,UNIVERSIDADE FEDERAL FLUMINENSE,34703,HOSPITAL UNIVERSITARIO ANTONIO PEDRO,3,2021,MAR/2021,3,2021,ENC001,ENCARGOS DE INSS S/ SALARIOS E REMUNERACOES - RECOLHIMENTO POR GPS,4,AUTARQUIA,3,1,91,13,2,31911302,CONTRIBUICOES PREVIDENCIARIAS - INSS,2,ORCAMENTO DE SEGURIDADE SOCIAL,1,PRIMARIO OBRIGATORIO,26990.42
244,MINISTERIO DA EDUCACAO,464,UNIVERSIDADE FEDERAL DE SAO PAULO,-9,NAO SE APLICA,3,2021,MAR/2021,3,2021,ENC001,ENCARGOS DE INSS S/ SALARIOS E REMUNERACOES - RECOLHIMENTO POR GPS,4,AUTARQUIA,3,1,91,13,2,31911302,CONTRIBUICOES PREVIDENCIARIAS - INSS,2,ORCAMENTO DE SEGURIDADE SOCIAL,1,PRIMARIO OBRIGATORIO,10246.04
304,MINISTERIO DA SAUDE,36687,AGENCIA NACIONAL DE VIGILANCIA SANITARIA,-9,NAO SE APLICA,3,2021,MAR/2021,3,2021,ENC001,ENCARGOS DE INSS S/ SALARIOS E REMUNERACOES - RECOLHIMENTO POR GPS,4,AUTARQUIA,3,1,91,13,2,31911302,CONTRIBUICOES PREVIDENCIARIAS - INSS,2,ORCAMENTO DE SEGURIDADE SOCIAL,1,PRIMARIO OBRIGATORIO,52904.16
304,MINISTERIO DA SAUDE,45013,AGENCIA NACIONAL DE SAUDE SUPLEMENTAR,-9,NAO SE APLICA,3,2021,MAR/2021,3,2021,ENC001,ENCARGOS DE INSS S/ SALARIOS E REMUNERACOES - RECOLHIMENTO POR GPS,4,AUTARQUIA,3,1,91,13,2,31911302,CONTRIBUICOES PREVIDENCIARIAS - INSS,2,ORCAMENTO DE SEGURIDADE SOCIAL,1,PRIMARIO OBRIGATORIO,106049.9
244,MINISTERIO DA EDUCACAO,100910,"INSTITUTO FEDERAL DE EDUCACAO, CIENCIA E TECNOLOGIA DO AMAZONAS",-9,NAO SE APLICA,2,2021,FEV/2021,2,2021,DSP001,AQUISICAO DE SERVICOS - PESSOAS JURIDICAS,4,AUTARQUIA,3,3,90,39,74,33903974,FRETES E TRANSPORTES DE ENCOMENDAS,1,ORCAMENTO FISCAL,2,PRIMARIO DISCRICIONARIO,19784.0
244,MINISTERIO DA EDUCACAO,100919,"INSTITUTO FEDERAL DE EDUCACAO, CIENCIA E TECNOLOGIA CATARINENSE",-9,NAO SE APLICA,2,2021,FEV/2021,2,2021,DSP001,AQUISICAO DE SERVICOS - PESSOAS JURIDICAS,4,AUTARQUIA,3,3,90,39,74,33903974,FRETES E TRANSPORTES DE ENCOMENDAS,1,ORCAMENTO FISCAL,2,PRIMARIO DISCRICIONARIO,60.0
1927,MINISTERIO DO MEIO AMBIENTE,91842,INSTITUTO CHICO MENDES DE CONSERVACAO DA BIODIVERSIDADE,-9,NAO SE APLICA,2,2021,FEV/2021,2,2021,DSP001,AQUISICAO DE SERVICOS - PESSOAS JURIDICAS,4,AUTARQUIA,3,3,90,39,74,33903974,FRETES E TRANSPORTES DE ENCOMENDAS,1,ORCAMENTO FISCAL,2,PRIMARIO DISCRICIONARIO,44972.55
2846,MINISTERIO DA INFRAESTRUTURA,54844,DEPARTAMENTO NACIONAL DE INFRAESTRUTURA DE TRANSPORTES,-9,NAO SE APLICA,2,2021,FEV/2021,2,2021,DSP001,AQUISICAO DE SERVICOS - PESSOAS JURIDICAS,4,AUTARQUIA,3,3,90,39,74,33903974,FRETES E TRANSPORTES DE ENCOMENDAS,1,ORCAMENTO FISCAL,2,PRIMARIO DISCRICIONARIO,40268.48
267175,"MINISTERIO DA CIENCIA, TECNOLOGIA E INOVACOES",223,COMISSAO NACIONAL DE ENERGIA NUCLEAR,-9,NAO SE APLICA,2,2021,FEV/2021,2,2021,DSP001,AQUISICAO DE SERVICOS - PESSOAS JURIDICAS,4,AUTARQUIA,3,3,90,39,74,33903974,FRETES E TRANSPORTES DE ENCOMENDAS,1,ORCAMENTO FISCAL,2,PRIMARIO DISCRICIONARIO,54909.79
267175,"MINISTERIO DA CIENCIA, TECNOLOGIA E INOVACOES",223,COMISSAO NACIONAL DE ENERGIA NUCLEAR,4897,DIRETORIA DE PESQUISA E DESENVOLVIMENTO,2,2021,FEV/2021,2,2021,DSP001,AQUISICAO DE SERVICOS - PESSOAS JURIDICAS,4,AUTARQUIA,3,3,90,39,74,33903974,FRETES E TRANSPORTES DE ENCOMENDAS,1,ORCAMENTO FISCAL,2,PRIMARIO DISCRICIONARIO,2439.17
244,MINISTERIO DA EDUCACAO,100910,"INSTITUTO FEDERAL DE EDUCACAO, CIENCIA E TECNOLOGIA DO AMAZONAS",-9,NAO SE APLICA,1,2021,MAR/2021,3,2021,DSP001,AQUISICAO DE SERVICOS - PESSOAS JURIDICAS,4,AUTARQUIA,3,3,90,39,74,33903974,FRETES E TRANSPORTES DE ENCOMENDAS,1,ORCAMENTO FISCAL,2,PRIMARIO DISCRICIONARIO,3813.0
1927,MINISTERIO DO MEIO AMBIENTE,1812,INSTITUTO BRASILEIRO DO MEIO AMBIENTE E DOS RECURSOS NATURAIS RENOVAVEIS,-9,NAO SE APLICA,1,2021,MAR/2021,3,2021,DSP001,AQUISICAO DE SERVICOS - PESSOAS JURIDICAS,4,AUTARQUIA,3,3,90,39,74,33903974,FRETES E TRANSPORTES DE ENCOMENDAS,1,ORCAMENTO FISCAL,2,PRIMARIO DISCRICIONARIO,37937.43
2846,MINISTERIO DA INFRAESTRUTURA,86144,AGENCIA NACIONAL DE AVIACAO CIVIL,-9,NAO SE APLICA,1,2021,MAR/2021,3,2021,DSP001,AQUISICAO DE SERVICOS - PESSOAS JURIDICAS,4,AUTARQUIA,3,3,90,39,74,33903974,FRETES E TRANSPORTES DE ENCOMENDAS,1,ORCAMENTO FISCAL,2,PRIMARIO DISCRICIONARIO,9570.0
2852,MINISTERIO DE MINAS E ENERGIA,222120,AGENCIA NACIONAL DE MINERACAO,-9,NAO SE APLICA,1,2021,MAR/2021,3,2021,DSP001,AQUISICAO DE SERVICOS - PESSOAS JURIDICAS,4,AUTARQUIA,3,3,90,39,74,33903974,FRETES E TRANSPORTES DE ENCOMENDAS,1,ORCAMENTO FISCAL,2,PRIMARIO DISCRICIONARIO,53116.25
235876,MINISTERIO DA ECONOMIA,240,"INSTITUTO NACIONAL DE METROLOGIA, QUALIDADE E TECNOLOGIA",-9,NAO SE APLICA,1,2021,MAR/2021,3,2021,DSP001,AQUISICAO DE SERVICOS - PESSOAS JURIDICAS,4,AUTARQUIA,3,3,90,39,74,33903974,FRETES E TRANSPORTES DE ENCOMENDAS,1,ORCAMENTO FISCAL,2,PRIMARIO DISCRICIONARIO,11500.0
14,"MINISTERIO DA AGRICULTURA, PECUARIA E ABASTECIMENTO",1799,INSTITUTO NACIONAL DE COLONIZACAO E REFORMA AGRARIA,-9,NAO SE APLICA,2,2021,MAR/2021,3,2021,DSP001,AQUISICAO DE SERVICOS - PESSOAS JURIDICAS,4,AUTARQUIA,3,3,90,39,74,33903974,FRETES E TRANSPORTES DE ENCOMENDAS,1,ORCAMENTO FISCAL,2,PRIMARIO DISCRICIONARIO,534.59
244,MINISTERIO DA EDUCACAO,249,INSTITUTO NACIONAL DE ESTUDOS E PESQUISAS EDUCACIONAIS ANISIO TEIXEIRA,-9,NAO SE APLICA,2,2021,MAR/2021,3,2021,DSP001,AQUISICAO DE SERVICOS - PESSOAS JURIDICAS,4,AUTARQUIA,3,3,90,39,74,33903974,FRETES E TRANSPORTES DE ENCOMENDAS,1,ORCAMENTO FISCAL,2,PRIMARIO DISCRICIONARIO,3103.54
244,MINISTERIO DA EDUCACAO,253,FUNDO NACIONAL DE DESENVOLVIMENTO DA EDUCACAO,-9,NAO SE APLICA,2,2021,MAR/2021,3,2021,DSP001,AQUISICAO DE SERVICOS - PESSOAS JURIDICAS,4,AUTARQUIA,3,3,90,39,74,33903974,FRETES E TRANSPORTES DE ENCOMENDAS,1,ORCAMENTO FISCAL,2,PRIMARIO DISCRICIONARIO,9733451.62
244,MINISTERIO DA EDUCACAO,427,UNIVERSIDADE FEDERAL FLUMINENSE,-9,NAO SE APLICA,2,2021,MAR/2021,3,2021,DSP001,AQUISICAO DE SERVICOS - PESSOAS JURIDICAS,4,AUTARQUIA,3,3,90,39,74,33903974,FRETES E TRANSPORTES DE ENCOMENDAS,1,ORCAMENTO FISCAL,2,PRIMARIO DISCRICIONARIO,10072.35
244,MINISTERIO DA EDUCACAO,428,UNIVERSIDADE FEDERAL DO PARANA,241241,SETOR DE CIENCIAS BIOLOGICAS,2,2021,MAR/2021,3,2021,DSP001,AQUISICAO DE SERVICOS - PESSOAS JURIDICAS,4,AUTARQUIA,3,3,90,39,74,33903974,FRETES E TRANSPORTES DE ENCOMENDAS,1,ORCAMENTO FISCAL,2,PRIMARIO DISCRICIONARIO,7031.17
244,MINISTERIO DA EDUCACAO,430,UNIVERSIDADE FEDERAL DO RIO GRANDE DO SUL,-9,NAO SE APLICA,2,2021,MAR/2021,3,2021,DSP001,AQUISICAO DE SERVICOS - PESSOAS JURIDICAS,4,AUTARQUIA,3,3,90,39,74,33903974,FRETES E TRANSPORTES DE ENCOMENDAS,1,ORCAMENTO FISCAL,2,PRIMARIO DISCRICIONARIO,59.0
244,MINISTERIO DA EDUCACAO,431,UNIVERSIDADE FEDERAL DE SANTA MARIA,-9,NAO SE APLICA,2,2021,MAR/2021,3,2021,DSP001,AQUISICAO DE SERVICOS - PESSOAS JURIDICAS,4,AUTARQUIA,3,3,90,39,74,33903974,FRETES E TRANSPORTES DE ENCOMENDAS,1,ORCAMENTO FISCAL,2,PRIMARIO DISCRICIONARIO,4450.0
244,MINISTERIO DA EDUCACAO,453,"INSTITUTO FEDERAL DE EDUCACAO, CIENCIA E TECNOLOGIA DE SAO PAULO",-9,NAO SE APLICA,2,2021,MAR/2021,3,2021,DSP001,AQUISICAO DE SERVICOS - PESSOAS JURIDICAS,4,AUTARQUIA,3,3,90,39,74,33903974,FRETES E TRANSPORTES DE ENCOMENDAS,1,ORCAMENTO FISCAL,2,PRIMARIO DISCRICIONARIO,8900.0
244,MINISTERIO DA EDUCACAO,456,"INSTITUTO FEDERAL DE EDUCACAO, CIENCIA E TECNOLOGIA SUL-RIO-GRANDENSE",-9,NAO SE APLICA,2,2021,MAR/2021,3,2021,DSP001,AQUISICAO DE SERVICOS - PESSOAS JURIDICAS,4,AUTARQUIA,3,3,90,39,74,33903974,FRETES E TRANSPORTES DE ENCOMENDAS,1,ORCAMENTO FISCAL,2,PRIMARIO DISCRICIONARIO,28.16
244,MINISTERIO DA EDUCACAO,458,UNIVERSIDADE FEDERAL RURAL DO SEMI-ARIDO,-9,NAO SE APLICA,2,2021,MAR/2021,3,2021,DSP001,AQUISICAO DE SERVICOS - PESSOAS JURIDICAS,4,AUTARQUIA,3,3,90,39,74,33903974,FRETES E TRANSPORTES DE ENCOMENDAS,1,ORCAMENTO FISCAL,2,PRIMARIO DISCRICIONARIO,365.12
244,MINISTERIO DA EDUCACAO,100918,"INSTITUTO FEDERAL DE EDUCACAO, CIENCIA E TECNOLOGIA DO RIO GRANDE DO SUL",204797,CAMPUS ROLANTE,2,2021,MAR/2021,3,2021,DSP001,AQUISICAO DE SERVICOS - PESSOAS JURIDICAS,4,AUTARQUIA,3,3,90,39,77,33903977,VIGILANCIA OSTENSIVA/MONITORADA/RASTREAMENTO,1,ORCAMENTO FISCAL,2,PRIMARIO DISCRICIONARIO,20447.04
244,MINISTERIO DA EDUCACAO,100918,"INSTITUTO FEDERAL DE EDUCACAO, CIENCIA E TECNOLOGIA DO RIO GRANDE DO SUL",204799,CAMPUS AVANCADO VERANOPOLIS,2,2021,MAR/2021,3,2021,DSP001,AQUISICAO DE SERVICOS - PESSOAS JURIDICAS,4,AUTARQUIA,3,3,90,39,77,33903977,VIGILANCIA OSTENSIVA/MONITORADA/RASTREAMENTO,1,ORCAMENTO FISCAL,2,PRIMARIO DISCRICIONARIO,4143.37
244,MINISTERIO DA EDUCACAO,100919,"INSTITUTO FEDERAL DE EDUCACAO, CIENCIA E TECNOLOGIA CATARINENSE",105202,CAMPUS VIDEIRA,2,2021,MAR/2021,3,2021,DSP001,AQUISICAO DE SERVICOS - PESSOAS JURIDICAS,4,AUTARQUIA,3,3,90,39,77,33903977,VIGILANCIA OSTENSIVA/MONITORADA/RASTREAMENTO,1,ORCAMENTO FISCAL,2,PRIMARIO DISCRICIONARIO,2180.0
244,MINISTERIO DA EDUCACAO,100919,"INSTITUTO FEDERAL DE EDUCACAO, CIENCIA E TECNOLOGIA CATARINENSE",122519,CAMPUS SAO FRANCISCO DO SUL,2,2021,MAR/2021,3,2021,DSP001,AQUISICAO DE SERVICOS - PESSOAS JURIDICAS,4,AUTARQUIA,3,3,90,39,77,33903977,VIGILANCIA OSTENSIVA/MONITORADA/RASTREAMENTO,1,ORCAMENTO FISCAL,2,PRIMARIO DISCRICIONARIO,2368.79
244,MINISTERIO DA EDUCACAO,100922,"INSTITUTO FEDERAL DE EDUCACAO, CIENCIA E TECNOLOGIA DE PERNAMBUCO",1183,CAMPUS BELO JARDIM,2,2021,MAR/2021,3,2021,DSP001,AQUISICAO DE SERVICOS - PESSOAS JURIDICAS,4,AUTARQUIA,3,3,90,39,77,33903977,VIGILANCIA OSTENSIVA/MONITORADA/RASTREAMENTO,1,ORCAMENTO FISCAL,2,PRIMARIO DISCRICIONARIO,48340.31
1927,MINISTERIO DO MEIO AMBIENTE,1812,INSTITUTO BRASILEIRO DO MEIO AMBIENTE E DOS RECURSOS NATURAIS RENOVAVEIS,-9,NAO SE APLICA,2,2021,MAR/2021,3,2021,DSP001,AQUISICAO DE SERVICOS - PESSOAS JURIDICAS,4,AUTARQUIA,3,3,90,39,77,33903977,VIGILANCIA OSTENSIVA/MONITORADA/RASTREAMENTO,1,ORCAMENTO FISCAL,2,PRIMARIO DISCRICIONARIO,20252.32
1927,MINISTERIO DO MEIO AMBIENTE,91842,INSTITUTO CHICO MENDES DE CONSERVACAO DA BIODIVERSIDADE,-9,NAO SE APLICA,2,2021,MAR/2021,3,2021,DSP001,AQUISICAO DE SERVICOS - PESSOAS JURIDICAS,4,AUTARQUIA,3,3,90,39,77,33903977,VIGILANCIA OSTENSIVA/MONITORADA/RASTREAMENTO,1,ORCAMENTO FISCAL,2,PRIMARIO DISCRICIONARIO,163876.64
2846,MINISTERIO DA INFRAESTRUTURA,54843,AGENCIA NACIONAL DE TRANSPORTES AQUAVIARIOS,-9,NAO SE APLICA,2,2021,MAR/2021,3,2021,DSP001,AQUISICAO DE SERVICOS - PESSOAS JURIDICAS,4,AUTARQUIA,3,3,90,39,77,33903977,VIGILANCIA OSTENSIVA/MONITORADA/RASTREAMENTO,1,ORCAMENTO FISCAL,2,PRIMARIO DISCRICIONARIO,79491.57
2846,MINISTERIO DA INFRAESTRUTURA,54844,DEPARTAMENTO NACIONAL DE INFRAESTRUTURA DE TRANSPORTES,-9,NAO SE APLICA,2,2021,MAR/2021,3,2021,DSP001,AQUISICAO DE SERVICOS - PESSOAS JURIDICAS,4,AUTARQUIA,3,3,90,39,77,33903977,VIGILANCIA OSTENSIVA/MONITORADA/RASTREAMENTO,1,ORCAMENTO FISCAL,2,PRIMARIO DISCRICIONARIO,363749.71
2846,MINISTERIO DA INFRAESTRUTURA,54844,DEPARTAMENTO NACIONAL DE INFRAESTRUTURA DE TRANSPORTES,69282,SUPERINTENDENCIA REGIONAL DO DNIT NO ESTADOS DO AMAZONAS,2,2021,MAR/2021,3,2021,DSP001,AQUISICAO DE SERVICOS - PESSOAS JURIDICAS,4,AUTARQUIA,3,3,90,39,77,33903977,VIGILANCIA OSTENSIVA/MONITORADA/RASTREAMENTO,1,ORCAMENTO FISCAL,2,PRIMARIO DISCRICIONARIO,20986.01
2846,MINISTERIO DA INFRAESTRUTURA,54844,DEPARTAMENTO NACIONAL DE INFRAESTRUTURA DE TRANSPORTES,69291,SUPERINTENDENCIA REGIONAL DO DNIT NO ESTADO DO PARANA,2,2021,MAR/2021,3,2021,DSP001,AQUISICAO DE SERVICOS - PESSOAS JURIDICAS,4,AUTARQUIA,3,3,90,39,77,33903977,VIGILANCIA OSTENSIVA/MONITORADA/RASTREAMENTO,1,ORCAMENTO FISCAL,2,PRIMARIO DISCRICIONARIO,1845.0
2846,MINISTERIO DA INFRAESTRUTURA,54844,DEPARTAMENTO NACIONAL DE INFRAESTRUTURA DE TRANSPORTES,69292,SUPERINTENDENCIA REGIONAL DO DNIT NO ESTADO DO RIO GRANDE DO SUL,2,2021,MAR/2021,3,2021,DSP001,AQUISICAO DE SERVICOS - PESSOAS JURIDICAS,4,AUTARQUIA,3,3,90,39,77,33903977,VIGILANCIA OSTENSIVA/MONITORADA/RASTREAMENTO,1,ORCAMENTO FISCAL,2,PRIMARIO DISCRICIONARIO,1856.52
2846,MINISTERIO DA INFRAESTRUTURA,54844,DEPARTAMENTO NACIONAL DE INFRAESTRUTURA DE TRANSPORTES,69293,SUPERINTENDENCIA REGIONAL DO DNIT NO ESTADO DO MATO GROSSO,2,2021,MAR/2021,3,2021,DSP001,AQUISICAO DE SERVICOS - PESSOAS JURIDICAS,4,AUTARQUIA,3,3,90,39,77,33903977,VIGILANCIA OSTENSIVA/MONITORADA/RASTREAMENTO,1,ORCAMENTO FISCAL,2,PRIMARIO DISCRICIONARIO,3465.0
2846,MINISTERIO DA INFRAESTRUTURA,54844,DEPARTAMENTO NACIONAL DE INFRAESTRUTURA DE TRANSPORTES,69295,SUPERINTENDENCIA REGIONAL DO DNIT NO ESTADO DA PARAIBA,2,2021,MAR/2021,3,2021,DSP001,AQUISICAO DE SERVICOS - PESSOAS JURIDICAS,4,AUTARQUIA,3,3,90,39,77,33903977,VIGILANCIA OSTENSIVA/MONITORADA/RASTREAMENTO,1,ORCAMENTO FISCAL,2,PRIMARIO DISCRICIONARIO,45104.08
2846,MINISTERIO DA INFRAESTRUTURA,54844,DEPARTAMENTO NACIONAL DE INFRAESTRUTURA DE TRANSPORTES,69296,SUPERINTENDENCIA REGIONAL DO DNIT NO ESTADO DO RIO GRANDE DO NORTE,2,2021,MAR/2021,3,2021,DSP001,AQUISICAO DE SERVICOS - PESSOAS JURIDICAS,4,AUTARQUIA,3,3,90,39,77,33903977,VIGILANCIA OSTENSIVA/MONITORADA/RASTREAMENTO,1,ORCAMENTO FISCAL,2,PRIMARIO DISCRICIONARIO,1773.33
2846,MINISTERIO DA INFRAESTRUTURA,54844,DEPARTAMENTO NACIONAL DE INFRAESTRUTURA DE TRANSPORTES,69298,SUPERINTENDENCIA REGIONAL DO DNIT NO ESTADO DE SANTA CATARINA,2,2021,MAR/2021,3,2021,DSP001,AQUISICAO DE SERVICOS - PESSOAS JURIDICAS,4,AUTARQUIA,3,3,90,39,77,33903977,VIGILANCIA OSTENSIVA/MONITORADA/RASTREAMENTO,1,ORCAMENTO FISCAL,2,PRIMARIO DISCRICIONARIO,4296.6
2846,MINISTERIO DA INFRAESTRUTURA,54844,DEPARTAMENTO NACIONAL DE INFRAESTRUTURA DE TRANSPORTES,69299,SUPERINTENDENCIA REGIONAL DO DNIT NO ESTADO DO ESPIRITO SANTO,2,2021,MAR/2021,3,2021,DSP001,AQUISICAO DE SERVICOS - PESSOAS JURIDICAS,4,AUTARQUIA,3,3,90,39,77,33903977,VIGILANCIA OSTENSIVA/MONITORADA/RASTREAMENTO,1,ORCAMENTO FISCAL,2,PRIMARIO DISCRICIONARIO,21535.17
2846,MINISTERIO DA INFRAESTRUTURA,54844,DEPARTAMENTO NACIONAL DE INFRAESTRUTURA DE TRANSPORTES,69301,SUPERINTENDENCIA REGIONAL DO DNIT NO ESTADO DO MATO GROSSO DO SUL,2,2021,MAR/2021,3,2021,DSP001,AQUISICAO DE SERVICOS - PESSOAS JURIDICAS,4,AUTARQUIA,3,3,90,39,77,33903977,VIGILANCIA OSTENSIVA/MONITORADA/RASTREAMENTO,1,ORCAMENTO FISCAL,2,PRIMARIO DISCRICIONARIO,6524.12
244,MINISTERIO DA EDUCACAO,445,CENTRO FEDERAL DE EDUCACAO TECNOLOGICA DE MINAS GERAIS,84118,DIRETORIA DO CAMPUS DIVINOPOLIS,2,2021,FEV/2021,2,2021,DSP001,AQUISICAO DE SERVICOS - PESSOAS JURIDICAS,4,AUTARQUIA,3,3,90,39,78,33903978,LIMPEZA E CONSERVACAO,1,ORCAMENTO FISCAL,2,PRIMARIO DISCRICIONARIO,1500.0
244,MINISTERIO DA EDUCACAO,453,"INSTITUTO FEDERAL DE EDUCACAO, CIENCIA E TECNOLOGIA DE SAO PAULO",95998,CAMPUS SAO ROQUE,2,2021,FEV/2021,2,2021,DSP001,AQUISICAO DE SERVICOS - PESSOAS JURIDICAS,4,AUTARQUIA,3,3,90,39,78,33903978,LIMPEZA E CONSERVACAO,1,ORCAMENTO FISCAL,2,PRIMARIO DISCRICIONARIO,1650.0
244,MINISTERIO DA EDUCACAO,454,UNIVERSIDADE TECNOLOGICA FEDERAL DO PARANA,-9,NAO SE APLICA,2,2021,FEV/2021,2,2021,DSP001,AQUISICAO DE SERVICOS - PESSOAS JURIDICAS,4,AUTARQUIA,3,3,90,39,78,33903978,LIMPEZA E CONSERVACAO,1,ORCAMENTO FISCAL,2,PRIMARIO DISCRICIONARIO,16493.3
244,MINISTERIO DA EDUCACAO,455,"INSTITUTO FEDERAL DE EDUCACAO, CIENCIA E TECNOLOGIA DE SANTA CATARINA",104935,CAMPUS PALHOCA BILINGUE,2,2021,FEV/2021,2,2021,DSP001,AQUISICAO DE SERVICOS - PESSOAS JURIDICAS,4,AUTARQUIA,3,3,90,39,78,33903978,LIMPEZA E CONSERVACAO,1,ORCAMENTO FISCAL,2,PRIMARIO DISCRICIONARIO,329.16
244,MINISTERIO DA EDUCACAO,455,"INSTITUTO FEDERAL DE EDUCACAO, CIENCIA E TECNOLOGIA DE SANTA CATARINA",104947,CAMPUS FLORIANOPOLIS,2,2021,FEV/2021,2,2021,DSP001,AQUISICAO DE SERVICOS - PESSOAS JURIDICAS,4,AUTARQUIA,3,3,90,39,78,33903978,LIMPEZA E CONSERVACAO,1,ORCAMENTO FISCAL,2,PRIMARIO DISCRICIONARIO,439.91
244,MINISTERIO DA EDUCACAO,455,"INSTITUTO FEDERAL DE EDUCACAO, CIENCIA E TECNOLOGIA DE SANTA CATARINA",104949,CAMPUS JOINVILLE,2,2021,FEV/2021,2,2021,DSP001,AQUISICAO DE SERVICOS - PESSOAS JURIDICAS,4,AUTARQUIA,3,3,90,39,78,33903978,LIMPEZA E CONSERVACAO,1,ORCAMENTO FISCAL,2,PRIMARIO DISCRICIONARIO,269.41
244,MINISTERIO DA EDUCACAO,455,"INSTITUTO FEDERAL DE EDUCACAO, CIENCIA E TECNOLOGIA DE SANTA CATARINA",122854,CAMPUS JARAGUA DO SUL - RAU,2,2021,FEV/2021,2,2021,DSP001,AQUISICAO DE SERVICOS - PESSOAS JURIDICAS,4,AUTARQUIA,3,3,90,39,78,33903978,LIMPEZA E CONSERVACAO,1,ORCAMENTO FISCAL,2,PRIMARIO DISCRICIONARIO,2750.0
244,MINISTERIO DA EDUCACAO,455,"INSTITUTO FEDERAL DE EDUCACAO, CIENCIA E TECNOLOGIA DE SANTA CATARINA",124060,CAMPUS SAO CARLOS,2,2021,FEV/2021,2,2021,DSP001,AQUISICAO DE SERVICOS - PESSOAS JURIDICAS,4,AUTARQUIA,3,3,90,39,78,33903978,LIMPEZA E CONSERVACAO,1,ORCAMENTO FISCAL,2,PRIMARIO DISCRICIONARIO,612.0
