co_natureza_juridica,ds_natureza_juridica,co_organizacao_n1,ds_organizacao_n1,co_organizacao_n2,ds_organizacao_n2,co_organizacao_n3,ds_organizacao_n3,an_lanc,me_lanc,co_esfera_orcamentaria,ds_esfera_orcamentaria,co_modalidade_aplicacao,ds_modalidade_aplicacao,co_resultado_eof,ds_resultado_eof,va_custo_transferencias
4,AUTARQUIA,72084,MINISTERIO DO TURISMO,2045,INSTITUTO DO PATRIMONIO HISTORICO E ARTISTICO NACIONAL,42748,SUPERINTENDENCIA DO IPHAN NO ESTADO DE SAO PAULO,2019,10,1,ORCAMENTO FISCAL,50,TRANSF. A INST. PRIVADAS S/ FINS LUCRATIVOS,6,DESPESA DISCRICIONARIA DECORRENTE DE EMENDA INDIVIDUAL,0.0
4,AUTARQUIA,72084,MINISTERIO DO TURISMO,2045,INSTITUTO DO PATRIMONIO HISTORICO E ARTISTICO NACIONAL,42748,SUPERINTENDENCIA DO IPHAN NO ESTADO DE SAO PAULO,2019,11,1,ORCAMENTO FISCAL,50,TRANSF. A INST. PRIVADAS S/ FINS LUCRATIVOS,6,DESPESA DISCRICIONARIA DECORRENTE DE EMENDA INDIVIDUAL,20865.0
4,AUTARQUIA,72084,MINISTERIO DO TURISMO,2045,INSTITUTO DO PATRIMONIO HISTORICO E ARTISTICO NACIONAL,42748,SUPERINTENDENCIA DO IPHAN NO ESTADO DE SAO PAULO,2019,12,1,ORCAMENTO FISCAL,50,TRANSF. A INST. PRIVADAS S/ FINS LUCRATIVOS,6,DESPESA DISCRICIONARIA DECORRENTE DE EMENDA INDIVIDUAL,0.0
4,AUTARQUIA,72084,MINISTERIO DO TURISMO,2045,INSTITUTO DO PATRIMONIO HISTORICO E ARTISTICO NACIONAL,42752,SUPERINTENDENCIA DO IPHAN NO ESTADO DE MINAS GERAIS,2019,6,1,ORCAMENTO FISCAL,40,TRANSFERENCIAS A MUNICIPIOS,6,DESPESA DISCRICIONARIA DECORRENTE DE EMENDA INDIVIDUAL,0.0
3,ADMINISTRACAO DIRETA,235874,MINISTERIO DA CIDADANIA,1945,SECRETARIA ESPECIAL DO DESENVOLVIMENTO SOCIAL,77782,SECRETARIA NACIONAL DE INCLUSAO SOCIAL E PRODUTIVA RURAL,2019,3,2,ORCAMENTO DE SEGURIDADE SOCIAL,50,TRANSF. A INST. PRIVADAS S/ FINS LUCRATIVOS,2,PRIMARIO DISCRICIONARIO,0.0
3,ADMINISTRACAO DIRETA,235874,MINISTERIO DA CIDADANIA,1945,SECRETARIA ESPECIAL DO DESENVOLVIMENTO SOCIAL,77782,SECRETARIA NACIONAL DE INCLUSAO SOCIAL E PRODUTIVA RURAL,2019,3,2,ORCAMENTO DE SEGURIDADE SOCIAL,71,TRANSF.CONSORC.PUB.MEDIANTE CONTRATO RATEIO,2,PRIMARIO DISCRICIONARIO,0.0
3,ADMINISTRACAO DIRETA,235874,MINISTERIO DA CIDADANIA,1945,SECRETARIA ESPECIAL DO DESENVOLVIMENTO SOCIAL,77782,SECRETARIA NACIONAL DE INCLUSAO SOCIAL E PRODUTIVA RURAL,2019,4,2,ORCAMENTO DE SEGURIDADE SOCIAL,30,TRANSFER. A ESTADOS E AO DISTRITO FEDERAL,2,PRIMARIO DISCRICIONARIO,2938560.42
3,ADMINISTRACAO DIRETA,235874,MINISTERIO DA CIDADANIA,1945,SECRETARIA ESPECIAL DO DESENVOLVIMENTO SOCIAL,77782,SECRETARIA NACIONAL DE INCLUSAO SOCIAL E PRODUTIVA RURAL,2019,4,2,ORCAMENTO DE SEGURIDADE SOCIAL,40,TRANSFERENCIAS A MUNICIPIOS,6,DESPESA DISCRICIONARIA DECORRENTE DE EMENDA INDIVIDUAL,0.0
3,ADMINISTRACAO DIRETA,235874,MINISTERIO DA CIDADANIA,1945,SECRETARIA ESPECIAL DO DESENVOLVIMENTO SOCIAL,77782,SECRETARIA NACIONAL DE INCLUSAO SOCIAL E PRODUTIVA RURAL,2019,4,2,ORCAMENTO DE SEGURIDADE SOCIAL,50,TRANSF. A INST. PRIVADAS S/ FINS LUCRATIVOS,2,PRIMARIO DISCRICIONARIO,0.0
3,ADMINISTRACAO DIRETA,235874,MINISTERIO DA CIDADANIA,1945,SECRETARIA ESPECIAL DO DESENVOLVIMENTO SOCIAL,77782,SECRETARIA NACIONAL DE INCLUSAO SOCIAL E PRODUTIVA RURAL,2019,4,2,ORCAMENTO DE SEGURIDADE SOCIAL,71,TRANSF.CONSORC.PUB.MEDIANTE CONTRATO RATEIO,2,PRIMARIO DISCRICIONARIO,0.0
3,ADMINISTRACAO DIRETA,235874,MINISTERIO DA CIDADANIA,1945,SECRETARIA ESPECIAL DO DESENVOLVIMENTO SOCIAL,77782,SECRETARIA NACIONAL DE INCLUSAO SOCIAL E PRODUTIVA RURAL,2019,5,2,ORCAMENTO DE SEGURIDADE SOCIAL,30,TRANSFER. A ESTADOS E AO DISTRITO FEDERAL,2,PRIMARIO DISCRICIONARIO,11257956.25
3,ADMINISTRACAO DIRETA,235874,MINISTERIO DA CIDADANIA,1945,SECRETARIA ESPECIAL DO DESENVOLVIMENTO SOCIAL,77782,SECRETARIA NACIONAL DE INCLUSAO SOCIAL E PRODUTIVA RURAL,2019,5,2,ORCAMENTO DE SEGURIDADE SOCIAL,40,TRANSFERENCIAS A MUNICIPIOS,6,DESPESA DISCRICIONARIA DECORRENTE DE EMENDA INDIVIDUAL,0.0
3,ADMINISTRACAO DIRETA,235874,MINISTERIO DA CIDADANIA,1945,SECRETARIA ESPECIAL DO DESENVOLVIMENTO SOCIAL,77782,SECRETARIA NACIONAL DE INCLUSAO SOCIAL E PRODUTIVA RURAL,2019,5,2,ORCAMENTO DE SEGURIDADE SOCIAL,50,TRANSF. A INST. PRIVADAS S/ FINS LUCRATIVOS,2,PRIMARIO DISCRICIONARIO,0.0
3,ADMINISTRACAO DIRETA,235874,MINISTERIO DA CIDADANIA,1945,SECRETARIA ESPECIAL DO DESENVOLVIMENTO SOCIAL,77782,SECRETARIA NACIONAL DE INCLUSAO SOCIAL E PRODUTIVA RURAL,2019,5,2,ORCAMENTO DE SEGURIDADE SOCIAL,71,TRANSF.CONSORC.PUB.MEDIANTE CONTRATO RATEIO,2,PRIMARIO DISCRICIONARIO,955788.96
3,ADMINISTRACAO DIRETA,235874,MINISTERIO DA CIDADANIA,1945,SECRETARIA ESPECIAL DO DESENVOLVIMENTO SOCIAL,77782,SECRETARIA NACIONAL DE INCLUSAO SOCIAL E PRODUTIVA RURAL,2019,6,2,ORCAMENTO DE SEGURIDADE SOCIAL,30,TRANSFER. A ESTADOS E AO DISTRITO FEDERAL,2,PRIMARIO DISCRICIONARIO,632022.28
3,ADMINISTRACAO DIRETA,235874,MINISTERIO DA CIDADANIA,1945,SECRETARIA ESPECIAL DO DESENVOLVIMENTO SOCIAL,77782,SECRETARIA NACIONAL DE INCLUSAO SOCIAL E PRODUTIVA RURAL,2019,6,2,ORCAMENTO DE SEGURIDADE SOCIAL,40,TRANSFERENCIAS A MUNICIPIOS,6,DESPESA DISCRICIONARIA DECORRENTE DE EMENDA INDIVIDUAL,200000.0
3,ADMINISTRACAO DIRETA,235874,MINISTERIO DA CIDADANIA,1945,SECRETARIA ESPECIAL DO DESENVOLVIMENTO SOCIAL,77782,SECRETARIA NACIONAL DE INCLUSAO SOCIAL E PRODUTIVA RURAL,2019,6,2,ORCAMENTO DE SEGURIDADE SOCIAL,50,TRANSF. A INST. PRIVADAS S/ FINS LUCRATIVOS,2,PRIMARIO DISCRICIONARIO,0.0
3,ADMINISTRACAO DIRETA,235874,MINISTERIO DA CIDADANIA,1945,SECRETARIA ESPECIAL DO DESENVOLVIMENTO SOCIAL,77782,SECRETARIA NACIONAL DE INCLUSAO SOCIAL E PRODUTIVA RURAL,2019,6,2,ORCAMENTO DE SEGURIDADE SOCIAL,71,TRANSF.CONSORC.PUB.MEDIANTE CONTRATO RATEIO,2,PRIMARIO DISCRICIONARIO,0.0
3,ADMINISTRACAO DIRETA,235874,MINISTERIO DA CIDADANIA,1945,SECRETARIA ESPECIAL DO DESENVOLVIMENTO SOCIAL,77782,SECRETARIA NACIONAL DE INCLUSAO SOCIAL E PRODUTIVA RURAL,2019,7,2,ORCAMENTO DE SEGURIDADE SOCIAL,30,TRANSFER. A ESTADOS E AO DISTRITO FEDERAL,2,PRIMARIO DISCRICIONARIO,15472609.43
3,ADMINISTRACAO DIRETA,235874,MINISTERIO DA CIDADANIA,1945,SECRETARIA ESPECIAL DO DESENVOLVIMENTO SOCIAL,77782,SECRETARIA NACIONAL DE INCLUSAO SOCIAL E PRODUTIVA RURAL,2019,7,2,ORCAMENTO DE SEGURIDADE SOCIAL,40,TRANSFERENCIAS A MUNICIPIOS,6,DESPESA DISCRICIONARIA DECORRENTE DE EMENDA INDIVIDUAL,680000.0
3,ADMINISTRACAO DIRETA,235874,MINISTERIO DA CIDADANIA,1945,SECRETARIA ESPECIAL DO DESENVOLVIMENTO SOCIAL,77782,SECRETARIA NACIONAL DE INCLUSAO SOCIAL E PRODUTIVA RURAL,2019,7,2,ORCAMENTO DE SEGURIDADE SOCIAL,50,TRANSF. A INST. PRIVADAS S/ FINS LUCRATIVOS,2,PRIMARIO DISCRICIONARIO,0.0
3,ADMINISTRACAO DIRETA,235874,MINISTERIO DA CIDADANIA,1945,SECRETARIA ESPECIAL DO DESENVOLVIMENTO SOCIAL,77782,SECRETARIA NACIONAL DE INCLUSAO SOCIAL E PRODUTIVA RURAL,2019,7,2,ORCAMENTO DE SEGURIDADE SOCIAL,71,TRANSF.CONSORC.PUB.MEDIANTE CONTRATO RATEIO,2,PRIMARIO DISCRICIONARIO,0.0
3,ADMINISTRACAO DIRETA,235874,MINISTERIO DA CIDADANIA,1945,SECRETARIA ESPECIAL DO DESENVOLVIMENTO SOCIAL,77782,SECRETARIA NACIONAL DE INCLUSAO SOCIAL E PRODUTIVA RURAL,2019,8,2,ORCAMENTO DE SEGURIDADE SOCIAL,30,TRANSFER. A ESTADOS E AO DISTRITO FEDERAL,2,PRIMARIO DISCRICIONARIO,2500000.0
3,ADMINISTRACAO DIRETA,235874,MINISTERIO DA CIDADANIA,1945,SECRETARIA ESPECIAL DO DESENVOLVIMENTO SOCIAL,77782,SECRETARIA NACIONAL DE INCLUSAO SOCIAL E PRODUTIVA RURAL,2019,8,2,ORCAMENTO DE SEGURIDADE SOCIAL,40,TRANSFERENCIAS A MUNICIPIOS,6,DESPESA DISCRICIONARIA DECORRENTE DE EMENDA INDIVIDUAL,100000.0
4,AUTARQUIA,2846,MINISTERIO DA INFRAESTRUTURA,54844,DEPARTAMENTO NACIONAL DE INFRAESTRUTURA DE TRANSPORTES,-9,NAO SE APLICA,2019,11,1,ORCAMENTO FISCAL,32,EXECUCAO ORCAMENTARIA DELEGADA AOS ESTADOS/DF,3,PRIMARIO SEM IMPACTO FISCAL,2000000.0
4,AUTARQUIA,2846,MINISTERIO DA INFRAESTRUTURA,54844,DEPARTAMENTO NACIONAL DE INFRAESTRUTURA DE TRANSPORTES,-9,NAO SE APLICA,2019,11,1,ORCAMENTO FISCAL,32,EXECUCAO ORCAMENTARIA DELEGADA AOS ESTADOS/DF,7,DESPESA DISCRICIONARIA DECORRENTE DE EMENDA DE BANCADA,3327570.75
4,AUTARQUIA,2846,MINISTERIO DA INFRAESTRUTURA,54844,DEPARTAMENTO NACIONAL DE INFRAESTRUTURA DE TRANSPORTES,-9,NAO SE APLICA,2019,11,1,ORCAMENTO FISCAL,42,EXECUCAO ORCAMENTARIA DELEGADA A MUNICIPIOS,3,PRIMARIO SEM IMPACTO FISCAL,0.0
4,AUTARQUIA,2846,MINISTERIO DA INFRAESTRUTURA,54844,DEPARTAMENTO NACIONAL DE INFRAESTRUTURA DE TRANSPORTES,-9,NAO SE APLICA,2019,12,1,ORCAMENTO FISCAL,30,TRANSFER. A ESTADOS E AO DISTRITO FEDERAL,3,PRIMARIO SEM IMPACTO FISCAL,12102861.0
4,AUTARQUIA,2846,MINISTERIO DA INFRAESTRUTURA,54844,DEPARTAMENTO NACIONAL DE INFRAESTRUTURA DE TRANSPORTES,-9,NAO SE APLICA,2019,12,1,ORCAMENTO FISCAL,32,EXECUCAO ORCAMENTARIA DELEGADA AOS ESTADOS/DF,3,PRIMARIO SEM IMPACTO FISCAL,91989015.89
4,AUTARQUIA,2846,MINISTERIO DA INFRAESTRUTURA,54844,DEPARTAMENTO NACIONAL DE INFRAESTRUTURA DE TRANSPORTES,-9,NAO SE APLICA,2019,12,1,ORCAMENTO FISCAL,32,EXECUCAO ORCAMENTARIA DELEGADA AOS ESTADOS/DF,7,DESPESA DISCRICIONARIA DECORRENTE DE EMENDA DE BANCADA,0.0
4,AUTARQUIA,2846,MINISTERIO DA INFRAESTRUTURA,54844,DEPARTAMENTO NACIONAL DE INFRAESTRUTURA DE TRANSPORTES,-9,NAO SE APLICA,2019,12,1,ORCAMENTO FISCAL,42,EXECUCAO ORCAMENTARIA DELEGADA A MUNICIPIOS,3,PRIMARIO SEM IMPACTO FISCAL,34890000.14
2,FUNDACAO PUBLICA,72084,MINISTERIO DO TURISMO,2330,FUNDACAO NACIONAL DE ARTES,-9,NAO SE APLICA,2019,12,1,ORCAMENTO FISCAL,40,TRANSFERENCIAS A MUNICIPIOS,6,DESPESA DISCRICIONARIA DECORRENTE DE EMENDA INDIVIDUAL,200768.0
2,FUNDACAO PUBLICA,72084,MINISTERIO DO TURISMO,2330,FUNDACAO NACIONAL DE ARTES,-9,NAO SE APLICA,2019,12,1,ORCAMENTO FISCAL,50,TRANSF. A INST. PRIVADAS S/ FINS LUCRATIVOS,6,DESPESA DISCRICIONARIA DECORRENTE DE EMENDA INDIVIDUAL,250000.0
2,FUNDACAO PUBLICA,72084,MINISTERIO DO TURISMO,2330,FUNDACAO NACIONAL DE ARTES,-9,NAO SE APLICA,2019,12,1,ORCAMENTO FISCAL,80,TRANSFERENCIAS AO EXTERIOR,2,PRIMARIO DISCRICIONARIO,0.0
4,AUTARQUIA,72084,MINISTERIO DO TURISMO,57682,AGENCIA NACIONAL DO CINEMA,-9,NAO SE APLICA,2019,3,1,ORCAMENTO FISCAL,60,TRANSFER.A INST. PRIVADAS COM FINS LUCRATIVOS,2,PRIMARIO DISCRICIONARIO,2139188.0
4,AUTARQUIA,72084,MINISTERIO DO TURISMO,57682,AGENCIA NACIONAL DO CINEMA,-9,NAO SE APLICA,2019,3,1,ORCAMENTO FISCAL,80,TRANSFERENCIAS AO EXTERIOR,2,PRIMARIO DISCRICIONARIO,0.0
4,AUTARQUIA,72084,MINISTERIO DO TURISMO,57682,AGENCIA NACIONAL DO CINEMA,-9,NAO SE APLICA,2019,4,1,ORCAMENTO FISCAL,60,TRANSFER.A INST. PRIVADAS COM FINS LUCRATIVOS,2,PRIMARIO DISCRICIONARIO,4600.0
4,AUTARQUIA,72084,MINISTERIO DO TURISMO,57682,AGENCIA NACIONAL DO CINEMA,-9,NAO SE APLICA,2019,4,1,ORCAMENTO FISCAL,80,TRANSFERENCIAS AO EXTERIOR,2,PRIMARIO DISCRICIONARIO,0.0
4,AUTARQUIA,72084,MINISTERIO DO TURISMO,57682,AGENCIA NACIONAL DO CINEMA,-9,NAO SE APLICA,2019,5,1,ORCAMENTO FISCAL,60,TRANSFER.A INST. PRIVADAS COM FINS LUCRATIVOS,2,PRIMARIO DISCRICIONARIO,96600.0
4,AUTARQUIA,72084,MINISTERIO DO TURISMO,57682,AGENCIA NACIONAL DO CINEMA,-9,NAO SE APLICA,2019,5,1,ORCAMENTO FISCAL,80,TRANSFERENCIAS AO EXTERIOR,2,PRIMARIO DISCRICIONARIO,0.0
4,AUTARQUIA,72084,MINISTERIO DO TURISMO,57682,AGENCIA NACIONAL DO CINEMA,-9,NAO SE APLICA,2019,6,1,ORCAMENTO FISCAL,60,TRANSFER.A INST. PRIVADAS COM FINS LUCRATIVOS,2,PRIMARIO DISCRICIONARIO,87400.0
4,AUTARQUIA,72084,MINISTERIO DO TURISMO,57682,AGENCIA NACIONAL DO CINEMA,-9,NAO SE APLICA,2019,6,1,ORCAMENTO FISCAL,80,TRANSFERENCIAS AO EXTERIOR,2,PRIMARIO DISCRICIONARIO,0.0
4,AUTARQUIA,72084,MINISTERIO DO TURISMO,57682,AGENCIA NACIONAL DO CINEMA,-9,NAO SE APLICA,2019,7,1,ORCAMENTO FISCAL,60,TRANSFER.A INST. PRIVADAS COM FINS LUCRATIVOS,2,PRIMARIO DISCRICIONARIO,8050.0
4,AUTARQUIA,72084,MINISTERIO DO TURISMO,57682,AGENCIA NACIONAL DO CINEMA,-9,NAO SE APLICA,2019,7,1,ORCAMENTO FISCAL,80,TRANSFERENCIAS AO EXTERIOR,2,PRIMARIO DISCRICIONARIO,0.0
4,AUTARQUIA,72084,MINISTERIO DO TURISMO,57682,AGENCIA NACIONAL DO CINEMA,-9,NAO SE APLICA,2019,8,1,ORCAMENTO FISCAL,60,TRANSFER.A INST. PRIVADAS COM FINS LUCRATIVOS,2,PRIMARIO DISCRICIONARIO,27600.0
4,AUTARQUIA,72084,MINISTERIO DO TURISMO,57682,AGENCIA NACIONAL DO CINEMA,-9,NAO SE APLICA,2019,8,1,ORCAMENTO FISCAL,80,TRANSFERENCIAS AO EXTERIOR,2,PRIMARIO DISCRICIONARIO,0.0
4,AUTARQUIA,72084,MINISTERIO DO TURISMO,57682,AGENCIA NACIONAL DO CINEMA,-9,NAO SE APLICA,2019,9,1,ORCAMENTO FISCAL,60,TRANSFER.A INST. PRIVADAS COM FINS LUCRATIVOS,2,PRIMARIO DISCRICIONARIO,12075.0
4,AUTARQUIA,72084,MINISTERIO DO TURISMO,57682,AGENCIA NACIONAL DO CINEMA,-9,NAO SE APLICA,2019,9,1,ORCAMENTO FISCAL,80,TRANSFERENCIAS AO EXTERIOR,2,PRIMARIO DISCRICIONARIO,0.0
4,AUTARQUIA,72084,MINISTERIO DO TURISMO,57682,AGENCIA NACIONAL DO CINEMA,-9,NAO SE APLICA,2019,10,1,ORCAMENTO FISCAL,60,TRANSFER.A INST. PRIVADAS COM FINS LUCRATIVOS,2,PRIMARIO DISCRICIONARIO,0.0
4,AUTARQUIA,72084,MINISTERIO DO TURISMO,57682,AGENCIA NACIONAL DO CINEMA,-9,NAO SE APLICA,2019,10,1,ORCAMENTO FISCAL,80,TRANSFERENCIAS AO EXTERIOR,2,PRIMARIO DISCRICIONARIO,0.0
4,AUTARQUIA,72084,MINISTERIO DO TURISMO,57682,AGENCIA NACIONAL DO CINEMA,-9,NAO SE APLICA,2019,11,1,ORCAMENTO FISCAL,60,TRANSFER.A INST. PRIVADAS COM FINS LUCRATIVOS,2,PRIMARIO DISCRICIONARIO,0.0
4,AUTARQUIA,72084,MINISTERIO DO TURISMO,57682,AGENCIA NACIONAL DO CINEMA,-9,NAO SE APLICA,2019,11,1,ORCAMENTO FISCAL,80,TRANSFERENCIAS AO EXTERIOR,2,PRIMARIO DISCRICIONARIO,0.0
4,AUTARQUIA,72084,MINISTERIO DO TURISMO,57682,AGENCIA NACIONAL DO CINEMA,-9,NAO SE APLICA,2019,12,1,ORCAMENTO FISCAL,60,TRANSFER.A INST. PRIVADAS COM FINS LUCRATIVOS,2,PRIMARIO DISCRICIONARIO,55200.0
4,AUTARQUIA,72084,MINISTERIO DO TURISMO,57682,AGENCIA NACIONAL DO CINEMA,-9,NAO SE APLICA,2019,12,1,ORCAMENTO FISCAL,80,TRANSFERENCIAS AO EXTERIOR,2,PRIMARIO DISCRICIONARIO,0.0
4,AUTARQUIA,72084,MINISTERIO DO TURISMO,100584,INSTITUTO BRASILEIRO DE MUSEUS,102607,DEPARTAMENTO DE PLANEJAMENTO E GESTAO INTERNA,2019,6,1,ORCAMENTO FISCAL,50,TRANSF. A INST. PRIVADAS S/ FINS LUCRATIVOS,6,DESPESA DISCRICIONARIA DECORRENTE DE EMENDA INDIVIDUAL,0.0
4,AUTARQUIA,72084,MINISTERIO DO TURISMO,100584,INSTITUTO BRASILEIRO DE MUSEUS,102607,DEPARTAMENTO DE PLANEJAMENTO E GESTAO INTERNA,2019,6,1,ORCAMENTO FISCAL,80,TRANSFERENCIAS AO EXTERIOR,2,PRIMARIO DISCRICIONARIO,0.0
4,AUTARQUIA,72084,MINISTERIO DO TURISMO,100584,INSTITUTO BRASILEIRO DE MUSEUS,102607,DEPARTAMENTO DE PLANEJAMENTO E GESTAO INTERNA,2019,7,1,ORCAMENTO FISCAL,50,TRANSF. A INST. PRIVADAS S/ FINS LUCRATIVOS,6,DESPESA DISCRICIONARIA DECORRENTE DE EMENDA INDIVIDUAL,255667.7
3,ADMINISTRACAO DIRETA,235874,MINISTERIO DA CIDADANIA,72571,SECRETARIA-EXECUTIVA,-9,NAO SE APLICA,2019,3,2,ORCAMENTO DE SEGURIDADE SOCIAL,80,TRANSFERENCIAS AO EXTERIOR,2,PRIMARIO DISCRICIONARIO,0.0
3,ADMINISTRACAO DIRETA,235874,MINISTERIO DA CIDADANIA,72571,SECRETARIA-EXECUTIVA,-9,NAO SE APLICA,2019,4,2,ORCAMENTO DE SEGURIDADE SOCIAL,80,TRANSFERENCIAS AO EXTERIOR,2,PRIMARIO DISCRICIONARIO,1829510.0
3,ADMINISTRACAO DIRETA,235874,MINISTERIO DA CIDADANIA,72571,SECRETARIA-EXECUTIVA,-9,NAO SE APLICA,2019,5,2,ORCAMENTO DE SEGURIDADE SOCIAL,80,TRANSFERENCIAS AO EXTERIOR,2,PRIMARIO DISCRICIONARIO,0.0
3,ADMINISTRACAO DIRETA,235874,MINISTERIO DA CIDADANIA,72571,SECRETARIA-EXECUTIVA,-9,NAO SE APLICA,2019,6,2,ORCAMENTO DE SEGURIDADE SOCIAL,80,TRANSFERENCIAS AO EXTERIOR,2,PRIMARIO DISCRICIONARIO,0.0
3,ADMINISTRACAO DIRETA,235874,MINISTERIO DA CIDADANIA,72571,SECRETARIA-EXECUTIVA,-9,NAO SE APLICA,2019,7,2,ORCAMENTO DE SEGURIDADE SOCIAL,80,TRANSFERENCIAS AO EXTERIOR,2,PRIMARIO DISCRICIONARIO,0.0
3,ADMINISTRACAO DIRETA,235874,MINISTERIO DA CIDADANIA,72571,SECRETARIA-EXECUTIVA,-9,NAO SE APLICA,2019,8,2,ORCAMENTO DE SEGURIDADE SOCIAL,80,TRANSFERENCIAS AO EXTERIOR,2,PRIMARIO DISCRICIONARIO,0.0
3,ADMINISTRACAO DIRETA,235874,MINISTERIO DA CIDADANIA,72571,SECRETARIA-EXECUTIVA,-9,NAO SE APLICA,2019,9,2,ORCAMENTO DE SEGURIDADE SOCIAL,80,TRANSFERENCIAS AO EXTERIOR,2,PRIMARIO DISCRICIONARIO,200000.0
3,ADMINISTRACAO DIRETA,235874,MINISTERIO DA CIDADANIA,72571,SECRETARIA-EXECUTIVA,-9,NAO SE APLICA,2019,10,2,ORCAMENTO DE SEGURIDADE SOCIAL,80,TRANSFERENCIAS AO EXTERIOR,2,PRIMARIO DISCRICIONARIO,0.0
3,ADMINISTRACAO DIRETA,235874,MINISTERIO DA CIDADANIA,72571,SECRETARIA-EXECUTIVA,-9,NAO SE APLICA,2019,11,2,ORCAMENTO DE SEGURIDADE SOCIAL,80,TRANSFERENCIAS AO EXTERIOR,2,PRIMARIO DISCRICIONARIO,0.0
3,ADMINISTRACAO DIRETA,235874,MINISTERIO DA CIDADANIA,72571,SECRETARIA-EXECUTIVA,-9,NAO SE APLICA,2019,12,2,ORCAMENTO DE SEGURIDADE SOCIAL,80,TRANSFERENCIAS AO EXTERIOR,2,PRIMARIO DISCRICIONARIO,1460927.5
3,ADMINISTRACAO DIRETA,235874,MINISTERIO DA CIDADANIA,72571,SECRETARIA-EXECUTIVA,237191,SECRETARIA DE GESTAO DE FUNDOS E TRANSFERENCIAS,2019,2,2,ORCAMENTO DE SEGURIDADE SOCIAL,31,TRANSFER. A ESTADOS E DF - FUNDO A FUNDO,2,PRIMARIO DISCRICIONARIO,398799.59
3,ADMINISTRACAO DIRETA,235874,MINISTERIO DA CIDADANIA,72571,SECRETARIA-EXECUTIVA,237191,SECRETARIA DE GESTAO DE FUNDOS E TRANSFERENCIAS,2019,2,2,ORCAMENTO DE SEGURIDADE SOCIAL,41,TRANSFERENCIAS A MUNICIPIOS - FUNDO A FUNDO,2,PRIMARIO DISCRICIONARIO,58731551.0
3,ADMINISTRACAO DIRETA,235874,MINISTERIO DA CIDADANIA,72571,SECRETARIA-EXECUTIVA,237191,SECRETARIA DE GESTAO DE FUNDOS E TRANSFERENCIAS,2019,3,2,ORCAMENTO DE SEGURIDADE SOCIAL,31,TRANSFER. A ESTADOS E DF - FUNDO A FUNDO,2,PRIMARIO DISCRICIONARIO,791599.18
3,ADMINISTRACAO DIRETA,235874,MINISTERIO DA CIDADANIA,72571,SECRETARIA-EXECUTIVA,237191,SECRETARIA DE GESTAO DE FUNDOS E TRANSFERENCIAS,2019,3,2,ORCAMENTO DE SEGURIDADE SOCIAL,41,TRANSFERENCIAS A MUNICIPIOS - FUNDO A FUNDO,2,PRIMARIO DISCRICIONARIO,70648671.6
3,ADMINISTRACAO DIRETA,235874,MINISTERIO DA CIDADANIA,72571,SECRETARIA-EXECUTIVA,237191,SECRETARIA DE GESTAO DE FUNDOS E TRANSFERENCIAS,2019,4,2,ORCAMENTO DE SEGURIDADE SOCIAL,31,TRANSFER. A ESTADOS E DF - FUNDO A FUNDO,2,PRIMARIO DISCRICIONARIO,3297763.26
3,ADMINISTRACAO DIRETA,235874,MINISTERIO DA CIDADANIA,72571,SECRETARIA-EXECUTIVA,237191,SECRETARIA DE GESTAO DE FUNDOS E TRANSFERENCIAS,2019,4,2,ORCAMENTO DE SEGURIDADE SOCIAL,41,TRANSFERENCIAS A MUNICIPIOS - FUNDO A FUNDO,2,PRIMARIO DISCRICIONARIO,131280549.07
3,ADMINISTRACAO DIRETA,235874,MINISTERIO DA CIDADANIA,72571,SECRETARIA-EXECUTIVA,237191,SECRETARIA DE GESTAO DE FUNDOS E TRANSFERENCIAS,2019,5,2,ORCAMENTO DE SEGURIDADE SOCIAL,31,TRANSFER. A ESTADOS E DF - FUNDO A FUNDO,2,PRIMARIO DISCRICIONARIO,115868.09
3,ADMINISTRACAO DIRETA,235874,MINISTERIO DA CIDADANIA,72571,SECRETARIA-EXECUTIVA,237191,SECRETARIA DE GESTAO DE FUNDOS E TRANSFERENCIAS,2019,5,2,ORCAMENTO DE SEGURIDADE SOCIAL,41,TRANSFERENCIAS A MUNICIPIOS - FUNDO A FUNDO,2,PRIMARIO DISCRICIONARIO,72482742.28
3,ADMINISTRACAO DIRETA,235874,MINISTERIO DA CIDADANIA,72571,SECRETARIA-EXECUTIVA,237191,SECRETARIA DE GESTAO DE FUNDOS E TRANSFERENCIAS,2019,5,2,ORCAMENTO DE SEGURIDADE SOCIAL,41,TRANSFERENCIAS A MUNICIPIOS - FUNDO A FUNDO,6,DESPESA DISCRICIONARIA DECORRENTE DE EMENDA INDIVIDUAL,350000.0
3,ADMINISTRACAO DIRETA,235874,MINISTERIO DA CIDADANIA,72571,SECRETARIA-EXECUTIVA,237191,SECRETARIA DE GESTAO DE FUNDOS E TRANSFERENCIAS,2019,6,2,ORCAMENTO DE SEGURIDADE SOCIAL,31,TRANSFER. A ESTADOS E DF - FUNDO A FUNDO,2,PRIMARIO DISCRICIONARIO,992620.56
3,ADMINISTRACAO DIRETA,235874,MINISTERIO DA CIDADANIA,72571,SECRETARIA-EXECUTIVA,237191,SECRETARIA DE GESTAO DE FUNDOS E TRANSFERENCIAS,2019,6,2,ORCAMENTO DE SEGURIDADE SOCIAL,40,TRANSFERENCIAS A MUNICIPIOS,2,PRIMARIO DISCRICIONARIO,520000.0
3,ADMINISTRACAO DIRETA,235874,MINISTERIO DA CIDADANIA,72571,SECRETARIA-EXECUTIVA,237191,SECRETARIA DE GESTAO DE FUNDOS E TRANSFERENCIAS,2019,6,2,ORCAMENTO DE SEGURIDADE SOCIAL,41,TRANSFERENCIAS A MUNICIPIOS - FUNDO A FUNDO,2,PRIMARIO DISCRICIONARIO,153837801.86
3,ADMINISTRACAO DIRETA,235874,MINISTERIO DA CIDADANIA,72571,SECRETARIA-EXECUTIVA,237191,SECRETARIA DE GESTAO DE FUNDOS E TRANSFERENCIAS,2019,6,2,ORCAMENTO DE SEGURIDADE SOCIAL,41,TRANSFERENCIAS A MUNICIPIOS - FUNDO A FUNDO,6,DESPESA DISCRICIONARIA DECORRENTE DE EMENDA INDIVIDUAL,480000.0
3,ADMINISTRACAO DIRETA,235880,MINISTERIO DO DESENVOLVIMENTO REGIONAL,42802,SECRETARIA-EXECUTIVA,73878,SUBSECRETARIA DE PLANEJAMENTO E ORCAMENTO,2019,10,1,ORCAMENTO FISCAL,40,TRANSFERENCIAS A MUNICIPIOS,2,PRIMARIO DISCRICIONARIO,0.0
3,ADMINISTRACAO DIRETA,235880,MINISTERIO DO DESENVOLVIMENTO REGIONAL,42802,SECRETARIA-EXECUTIVA,73878,SUBSECRETARIA DE PLANEJAMENTO E ORCAMENTO,2019,10,1,ORCAMENTO FISCAL,40,TRANSFERENCIAS A MUNICIPIOS,6,DESPESA DISCRICIONARIA DECORRENTE DE EMENDA INDIVIDUAL,100000.0
3,ADMINISTRACAO DIRETA,235880,MINISTERIO DO DESENVOLVIMENTO REGIONAL,42802,SECRETARIA-EXECUTIVA,73878,SUBSECRETARIA DE PLANEJAMENTO E ORCAMENTO,2019,11,1,ORCAMENTO FISCAL,30,TRANSFER. A ESTADOS E AO DISTRITO FEDERAL,6,DESPESA DISCRICIONARIA DECORRENTE DE EMENDA INDIVIDUAL,0.0
3,ADMINISTRACAO DIRETA,235880,MINISTERIO DO DESENVOLVIMENTO REGIONAL,42802,SECRETARIA-EXECUTIVA,73878,SUBSECRETARIA DE PLANEJAMENTO E ORCAMENTO,2019,11,1,ORCAMENTO FISCAL,40,TRANSFERENCIAS A MUNICIPIOS,2,PRIMARIO DISCRICIONARIO,0.0
3,ADMINISTRACAO DIRETA,235880,MINISTERIO DO DESENVOLVIMENTO REGIONAL,42802,SECRETARIA-EXECUTIVA,73878,SUBSECRETARIA DE PLANEJAMENTO E ORCAMENTO,2019,11,1,ORCAMENTO FISCAL,40,TRANSFERENCIAS A MUNICIPIOS,6,DESPESA DISCRICIONARIA DECORRENTE DE EMENDA INDIVIDUAL,1147159.61
3,ADMINISTRACAO DIRETA,235880,MINISTERIO DO DESENVOLVIMENTO REGIONAL,42802,SECRETARIA-EXECUTIVA,73878,SUBSECRETARIA DE PLANEJAMENTO E ORCAMENTO,2019,12,1,ORCAMENTO FISCAL,30,TRANSFER. A ESTADOS E AO DISTRITO FEDERAL,6,DESPESA DISCRICIONARIA DECORRENTE DE EMENDA INDIVIDUAL,100000.0
3,ADMINISTRACAO DIRETA,235880,MINISTERIO DO DESENVOLVIMENTO REGIONAL,42802,SECRETARIA-EXECUTIVA,73878,SUBSECRETARIA DE PLANEJAMENTO E ORCAMENTO,2019,12,1,ORCAMENTO FISCAL,40,TRANSFERENCIAS A MUNICIPIOS,2,PRIMARIO DISCRICIONARIO,150000.0
3,ADMINISTRACAO DIRETA,235880,MINISTERIO DO DESENVOLVIMENTO REGIONAL,42802,SECRETARIA-EXECUTIVA,73878,SUBSECRETARIA DE PLANEJAMENTO E ORCAMENTO,2019,12,1,ORCAMENTO FISCAL,40,TRANSFERENCIAS A MUNICIPIOS,6,DESPESA DISCRICIONARIA DECORRENTE DE EMENDA INDIVIDUAL,1017953.47
3,ADMINISTRACAO DIRETA,235880,MINISTERIO DO DESENVOLVIMENTO REGIONAL,43032,SECRETARIA NACIONAL DE SEGURANCA HIDRICA,-9,NAO SE APLICA,2019,2,1,ORCAMENTO FISCAL,40,TRANSFERENCIAS A MUNICIPIOS,6,DESPESA DISCRICIONARIA DECORRENTE DE EMENDA INDIVIDUAL,1410423.52
3,ADMINISTRACAO DIRETA,235880,MINISTERIO DO DESENVOLVIMENTO REGIONAL,43032,SECRETARIA NACIONAL DE SEGURANCA HIDRICA,-9,NAO SE APLICA,2019,3,1,ORCAMENTO FISCAL,30,TRANSFER. A ESTADOS E AO DISTRITO FEDERAL,3,PRIMARIO SEM IMPACTO FISCAL,51434383.67
3,ADMINISTRACAO DIRETA,235880,MINISTERIO DO DESENVOLVIMENTO REGIONAL,43032,SECRETARIA NACIONAL DE SEGURANCA HIDRICA,-9,NAO SE APLICA,2019,3,1,ORCAMENTO FISCAL,30,TRANSFER. A ESTADOS E AO DISTRITO FEDERAL,6,DESPESA DISCRICIONARIA DECORRENTE DE EMENDA INDIVIDUAL,0.0
3,ADMINISTRACAO DIRETA,235880,MINISTERIO DO DESENVOLVIMENTO REGIONAL,43032,SECRETARIA NACIONAL DE SEGURANCA HIDRICA,-9,NAO SE APLICA,2019,3,1,ORCAMENTO FISCAL,40,TRANSFERENCIAS A MUNICIPIOS,2,PRIMARIO DISCRICIONARIO,0.0
3,ADMINISTRACAO DIRETA,235880,MINISTERIO DO DESENVOLVIMENTO REGIONAL,43032,SECRETARIA NACIONAL DE SEGURANCA HIDRICA,-9,NAO SE APLICA,2019,3,1,ORCAMENTO FISCAL,40,TRANSFERENCIAS A MUNICIPIOS,3,PRIMARIO SEM IMPACTO FISCAL,8558432.92
3,ADMINISTRACAO DIRETA,235880,MINISTERIO DO DESENVOLVIMENTO REGIONAL,43032,SECRETARIA NACIONAL DE SEGURANCA HIDRICA,-9,NAO SE APLICA,2019,3,1,ORCAMENTO FISCAL,40,TRANSFERENCIAS A MUNICIPIOS,6,DESPESA DISCRICIONARIA DECORRENTE DE EMENDA INDIVIDUAL,300000.0
3,ADMINISTRACAO DIRETA,235880,MINISTERIO DO DESENVOLVIMENTO REGIONAL,43032,SECRETARIA NACIONAL DE SEGURANCA HIDRICA,-9,NAO SE APLICA,2019,4,1,ORCAMENTO FISCAL,30,TRANSFER. A ESTADOS E AO DISTRITO FEDERAL,3,PRIMARIO SEM IMPACTO FISCAL,0.0
3,ADMINISTRACAO DIRETA,235880,MINISTERIO DO DESENVOLVIMENTO REGIONAL,43032,SECRETARIA NACIONAL DE SEGURANCA HIDRICA,-9,NAO SE APLICA,2019,4,1,ORCAMENTO FISCAL,30,TRANSFER. A ESTADOS E AO DISTRITO FEDERAL,6,DESPESA DISCRICIONARIA DECORRENTE DE EMENDA INDIVIDUAL,0.0
3,ADMINISTRACAO DIRETA,235880,MINISTERIO DO DESENVOLVIMENTO REGIONAL,43032,SECRETARIA NACIONAL DE SEGURANCA HIDRICA,-9,NAO SE APLICA,2019,4,1,ORCAMENTO FISCAL,40,TRANSFERENCIAS A MUNICIPIOS,2,PRIMARIO DISCRICIONARIO,0.0
3,ADMINISTRACAO DIRETA,235880,MINISTERIO DO DESENVOLVIMENTO REGIONAL,43032,SECRETARIA NACIONAL DE SEGURANCA HIDRICA,-9,NAO SE APLICA,2019,4,1,ORCAMENTO FISCAL,40,TRANSFERENCIAS A MUNICIPIOS,3,PRIMARIO SEM IMPACTO FISCAL,0.0
3,ADMINISTRACAO DIRETA,235880,MINISTERIO DO DESENVOLVIMENTO REGIONAL,43032,SECRETARIA NACIONAL DE SEGURANCA HIDRICA,-9,NAO SE APLICA,2019,4,1,ORCAMENTO FISCAL,40,TRANSFERENCIAS A MUNICIPIOS,6,DESPESA DISCRICIONARIA DECORRENTE DE EMENDA INDIVIDUAL,600000.0
4,AUTARQUIA,2846,MINISTERIO DA INFRAESTRUTURA,54844,DEPARTAMENTO NACIONAL DE INFRAESTRUTURA DE TRANSPORTES,69300,SUPERINTENDENCIA REGIONAL DO DNIT NO ESTADO DO PIAUI,2019,11,1,ORCAMENTO FISCAL,32,EXECUCAO ORCAMENTARIA DELEGADA AOS ESTADOS/DF,2,PRIMARIO DISCRICIONARIO,0.0
4,AUTARQUIA,2846,MINISTERIO DA INFRAESTRUTURA,54844,DEPARTAMENTO NACIONAL DE INFRAESTRUTURA DE TRANSPORTES,69300,SUPERINTENDENCIA REGIONAL DO DNIT NO ESTADO DO PIAUI,2019,11,1,ORCAMENTO FISCAL,32,EXECUCAO ORCAMENTARIA DELEGADA AOS ESTADOS/DF,3,PRIMARIO SEM IMPACTO FISCAL,0.0
4,AUTARQUIA,2846,MINISTERIO DA INFRAESTRUTURA,54844,DEPARTAMENTO NACIONAL DE INFRAESTRUTURA DE TRANSPORTES,69300,SUPERINTENDENCIA REGIONAL DO DNIT NO ESTADO DO PIAUI,2019,12,1,ORCAMENTO FISCAL,32,EXECUCAO ORCAMENTARIA DELEGADA AOS ESTADOS/DF,2,PRIMARIO DISCRICIONARIO,0.0
4,AUTARQUIA,2846,MINISTERIO DA INFRAESTRUTURA,54844,DEPARTAMENTO NACIONAL DE INFRAESTRUTURA DE TRANSPORTES,69300,SUPERINTENDENCIA REGIONAL DO DNIT NO ESTADO DO PIAUI,2019,12,1,ORCAMENTO FISCAL,32,EXECUCAO ORCAMENTARIA DELEGADA AOS ESTADOS/DF,3,PRIMARIO SEM IMPACTO FISCAL,0.0
4,AUTARQUIA,2846,MINISTERIO DA INFRAESTRUTURA,86144,AGENCIA NACIONAL DE AVIACAO CIVIL,-9,NAO SE APLICA,2019,5,1,ORCAMENTO FISCAL,80,TRANSFERENCIAS AO EXTERIOR,2,PRIMARIO DISCRICIONARIO,0.0
4,AUTARQUIA,2846,MINISTERIO DA INFRAESTRUTURA,86144,AGENCIA NACIONAL DE AVIACAO CIVIL,-9,NAO SE APLICA,2019,6,1,ORCAMENTO FISCAL,80,TRANSFERENCIAS AO EXTERIOR,2,PRIMARIO DISCRICIONARIO,0.0
4,AUTARQUIA,2846,MINISTERIO DA INFRAESTRUTURA,86144,AGENCIA NACIONAL DE AVIACAO CIVIL,-9,NAO SE APLICA,2019,7,1,ORCAMENTO FISCAL,80,TRANSFERENCIAS AO EXTERIOR,2,PRIMARIO DISCRICIONARIO,0.0
4,AUTARQUIA,2846,MINISTERIO DA INFRAESTRUTURA,86144,AGENCIA NACIONAL DE AVIACAO CIVIL,-9,NAO SE APLICA,2019,8,1,ORCAMENTO FISCAL,80,TRANSFERENCIAS AO EXTERIOR,2,PRIMARIO DISCRICIONARIO,0.0
4,AUTARQUIA,2846,MINISTERIO DA INFRAESTRUTURA,86144,AGENCIA NACIONAL DE AVIACAO CIVIL,-9,NAO SE APLICA,2019,9,1,ORCAMENTO FISCAL,80,TRANSFERENCIAS AO EXTERIOR,2,PRIMARIO DISCRICIONARIO,0.0
4,AUTARQUIA,2846,MINISTERIO DA INFRAESTRUTURA,86144,AGENCIA NACIONAL DE AVIACAO CIVIL,-9,NAO SE APLICA,2019,10,1,ORCAMENTO FISCAL,80,TRANSFERENCIAS AO EXTERIOR,2,PRIMARIO DISCRICIONARIO,0.0
4,AUTARQUIA,2846,MINISTERIO DA INFRAESTRUTURA,86144,AGENCIA NACIONAL DE AVIACAO CIVIL,-9,NAO SE APLICA,2019,11,1,ORCAMENTO FISCAL,80,TRANSFERENCIAS AO EXTERIOR,2,PRIMARIO DISCRICIONARIO,0.0
4,AUTARQUIA,2846,MINISTERIO DA INFRAESTRUTURA,86144,AGENCIA NACIONAL DE AVIACAO CIVIL,-9,NAO SE APLICA,2019,12,1,ORCAMENTO FISCAL,80,TRANSFERENCIAS AO EXTERIOR,2,PRIMARIO DISCRICIONARIO,0.0
3,ADMINISTRACAO DIRETA,2846,MINISTERIO DA INFRAESTRUTURA,92748,SECRETARIA NACIONAL DE PORTOS E TRANSPORTES AQUAVIARIOS,-9,NAO SE APLICA,2019,7,1,ORCAMENTO FISCAL,80,TRANSFERENCIAS AO EXTERIOR,2,PRIMARIO DISCRICIONARIO,23351.29
3,ADMINISTRACAO DIRETA,2846,MINISTERIO DA INFRAESTRUTURA,92748,SECRETARIA NACIONAL DE PORTOS E TRANSPORTES AQUAVIARIOS,-9,NAO SE APLICA,2019,8,1,ORCAMENTO FISCAL,80,TRANSFERENCIAS AO EXTERIOR,2,PRIMARIO DISCRICIONARIO,0.0
3,ADMINISTRACAO DIRETA,2846,MINISTERIO DA INFRAESTRUTURA,92748,SECRETARIA NACIONAL DE PORTOS E TRANSPORTES AQUAVIARIOS,-9,NAO SE APLICA,2019,9,1,ORCAMENTO FISCAL,80,TRANSFERENCIAS AO EXTERIOR,2,PRIMARIO DISCRICIONARIO,0.0
3,ADMINISTRACAO DIRETA,2846,MINISTERIO DA INFRAESTRUTURA,92748,SECRETARIA NACIONAL DE PORTOS E TRANSPORTES AQUAVIARIOS,-9,NAO SE APLICA,2019,10,1,ORCAMENTO FISCAL,80,TRANSFERENCIAS AO EXTERIOR,2,PRIMARIO DISCRICIONARIO,0.0
3,ADMINISTRACAO DIRETA,2846,MINISTERIO DA INFRAESTRUTURA,92748,SECRETARIA NACIONAL DE PORTOS E TRANSPORTES AQUAVIARIOS,-9,NAO SE APLICA,2019,11,1,ORCAMENTO FISCAL,80,TRANSFERENCIAS AO EXTERIOR,2,PRIMARIO DISCRICIONARIO,9406.51
3,ADMINISTRACAO DIRETA,214460,CONTROLADORIA-GERAL DA UNIAO,88353,SECRETARIA-EXECUTIVA,88721,DIRETORIA DE GESTAO INTERNA,2019,9,1,ORCAMENTO FISCAL,80,TRANSFERENCIAS AO EXTERIOR,2,PRIMARIO DISCRICIONARIO,0.0
3,ADMINISTRACAO DIRETA,214460,CONTROLADORIA-GERAL DA UNIAO,88353,SECRETARIA-EXECUTIVA,88721,DIRETORIA DE GESTAO INTERNA,2019,10,1,ORCAMENTO FISCAL,50,TRANSF. A INST. PRIVADAS S/ FINS LUCRATIVOS,2,PRIMARIO DISCRICIONARIO,0.0
3,ADMINISTRACAO DIRETA,235874,MINISTERIO DA CIDADANIA,72571,SECRETARIA-EXECUTIVA,237191,SECRETARIA DE GESTAO DE FUNDOS E TRANSFERENCIAS,2019,7,2,ORCAMENTO DE SEGURIDADE SOCIAL,31,TRANSFER. A ESTADOS E DF - FUNDO A FUNDO,2,PRIMARIO DISCRICIONARIO,892033.85
3,ADMINISTRACAO DIRETA,235874,MINISTERIO DA CIDADANIA,72571,SECRETARIA-EXECUTIVA,237191,SECRETARIA DE GESTAO DE FUNDOS E TRANSFERENCIAS,2019,7,2,ORCAMENTO DE SEGURIDADE SOCIAL,40,TRANSFERENCIAS A MUNICIPIOS,2,PRIMARIO DISCRICIONARIO,7175000.0
3,ADMINISTRACAO DIRETA,235874,MINISTERIO DA CIDADANIA,72571,SECRETARIA-EXECUTIVA,237191,SECRETARIA DE GESTAO DE FUNDOS E TRANSFERENCIAS,2019,7,2,ORCAMENTO DE SEGURIDADE SOCIAL,41,TRANSFERENCIAS A MUNICIPIOS - FUNDO A FUNDO,2,PRIMARIO DISCRICIONARIO,110908364.62
3,ADMINISTRACAO DIRETA,235874,MINISTERIO DA CIDADANIA,72571,SECRETARIA-EXECUTIVA,237191,SECRETARIA DE GESTAO DE FUNDOS E TRANSFERENCIAS,2019,7,2,ORCAMENTO DE SEGURIDADE SOCIAL,41,TRANSFERENCIAS A MUNICIPIOS - FUNDO A FUNDO,6,DESPESA DISCRICIONARIA DECORRENTE DE EMENDA INDIVIDUAL,0.0
3,ADMINISTRACAO DIRETA,235874,MINISTERIO DA CIDADANIA,72571,SECRETARIA-EXECUTIVA,237191,SECRETARIA DE GESTAO DE FUNDOS E TRANSFERENCIAS,2019,8,2,ORCAMENTO DE SEGURIDADE SOCIAL,30,TRANSFER. A ESTADOS E AO DISTRITO FEDERAL,2,PRIMARIO DISCRICIONARIO,0.0
3,ADMINISTRACAO DIRETA,235874,MINISTERIO DA CIDADANIA,72571,SECRETARIA-EXECUTIVA,237191,SECRETARIA DE GESTAO DE FUNDOS E TRANSFERENCIAS,2019,8,2,ORCAMENTO DE SEGURIDADE SOCIAL,31,TRANSFER. A ESTADOS E DF - FUNDO A FUNDO,2,PRIMARIO DISCRICIONARIO,764000.0
3,ADMINISTRACAO DIRETA,235874,MINISTERIO DA CIDADANIA,72571,SECRETARIA-EXECUTIVA,237191,SECRETARIA DE GESTAO DE FUNDOS E TRANSFERENCIAS,2019,8,2,ORCAMENTO DE SEGURIDADE SOCIAL,40,TRANSFERENCIAS A MUNICIPIOS,2,PRIMARIO DISCRICIONARIO,630000.0
3,ADMINISTRACAO DIRETA,235874,MINISTERIO DA CIDADANIA,72571,SECRETARIA-EXECUTIVA,237191,SECRETARIA DE GESTAO DE FUNDOS E TRANSFERENCIAS,2019,8,2,ORCAMENTO DE SEGURIDADE SOCIAL,41,TRANSFERENCIAS A MUNICIPIOS - FUNDO A FUNDO,2,PRIMARIO DISCRICIONARIO,112570274.07
3,ADMINISTRACAO DIRETA,235874,MINISTERIO DA CIDADANIA,72571,SECRETARIA-EXECUTIVA,237191,SECRETARIA DE GESTAO DE FUNDOS E TRANSFERENCIAS,2019,8,2,ORCAMENTO DE SEGURIDADE SOCIAL,41,TRANSFERENCIAS A MUNICIPIOS - FUNDO A FUNDO,6,DESPESA DISCRICIONARIA DECORRENTE DE EMENDA INDIVIDUAL,0.0
3,ADMINISTRACAO DIRETA,235874,MINISTERIO DA CIDADANIA,72571,SECRETARIA-EXECUTIVA,237191,SECRETARIA DE GESTAO DE FUNDOS E TRANSFERENCIAS,2019,9,2,ORCAMENTO DE SEGURIDADE SOCIAL,30,TRANSFER. A ESTADOS E AO DISTRITO FEDERAL,2,PRIMARIO DISCRICIONARIO,0.0
3,ADMINISTRACAO DIRETA,235874,MINISTERIO DA CIDADANIA,72571,SECRETARIA-EXECUTIVA,237191,SECRETARIA DE GESTAO DE FUNDOS E TRANSFERENCIAS,2019,9,2,ORCAMENTO DE SEGURIDADE SOCIAL,31,TRANSFER. A ESTADOS E DF - FUNDO A FUNDO,2,PRIMARIO DISCRICIONARIO,891926.0
3,ADMINISTRACAO DIRETA,235874,MINISTERIO DA CIDADANIA,72571,SECRETARIA-EXECUTIVA,237191,SECRETARIA DE GESTAO DE FUNDOS E TRANSFERENCIAS,2019,9,2,ORCAMENTO DE SEGURIDADE SOCIAL,40,TRANSFERENCIAS A MUNICIPIOS,2,PRIMARIO DISCRICIONARIO,0.0
3,ADMINISTRACAO DIRETA,235874,MINISTERIO DA CIDADANIA,72571,SECRETARIA-EXECUTIVA,237191,SECRETARIA DE GESTAO DE FUNDOS E TRANSFERENCIAS,2019,9,2,ORCAMENTO DE SEGURIDADE SOCIAL,41,TRANSFERENCIAS A MUNICIPIOS - FUNDO A FUNDO,2,PRIMARIO DISCRICIONARIO,0.0
3,ADMINISTRACAO DIRETA,235874,MINISTERIO DA CIDADANIA,72571,SECRETARIA-EXECUTIVA,237191,SECRETARIA DE GESTAO DE FUNDOS E TRANSFERENCIAS,2019,9,2,ORCAMENTO DE SEGURIDADE SOCIAL,41,TRANSFERENCIAS A MUNICIPIOS - FUNDO A FUNDO,6,DESPESA DISCRICIONARIA DECORRENTE DE EMENDA INDIVIDUAL,0.0
3,ADMINISTRACAO DIRETA,235874,MINISTERIO DA CIDADANIA,72571,SECRETARIA-EXECUTIVA,237191,SECRETARIA DE GESTAO DE FUNDOS E TRANSFERENCIAS,2019,9,2,ORCAMENTO DE SEGURIDADE SOCIAL,41,TRANSFERENCIAS A MUNICIPIOS - FUNDO A FUNDO,7,DESPESA DISCRICIONARIA DECORRENTE DE EMENDA DE BANCADA,0.0
3,ADMINISTRACAO DIRETA,235874,MINISTERIO DA CIDADANIA,72571,SECRETARIA-EXECUTIVA,237191,SECRETARIA DE GESTAO DE FUNDOS E TRANSFERENCIAS,2019,10,2,ORCAMENTO DE SEGURIDADE SOCIAL,30,TRANSFER. A ESTADOS E AO DISTRITO FEDERAL,2,PRIMARIO DISCRICIONARIO,0.0
3,ADMINISTRACAO DIRETA,235874,MINISTERIO DA CIDADANIA,72571,SECRETARIA-EXECUTIVA,237191,SECRETARIA DE GESTAO DE FUNDOS E TRANSFERENCIAS,2019,10,2,ORCAMENTO DE SEGURIDADE SOCIAL,31,TRANSFER. A ESTADOS E DF - FUNDO A FUNDO,2,PRIMARIO DISCRICIONARIO,2267772.59
3,ADMINISTRACAO DIRETA,235874,MINISTERIO DA CIDADANIA,72571,SECRETARIA-EXECUTIVA,237191,SECRETARIA DE GESTAO DE FUNDOS E TRANSFERENCIAS,2019,10,2,ORCAMENTO DE SEGURIDADE SOCIAL,40,TRANSFERENCIAS A MUNICIPIOS,2,PRIMARIO DISCRICIONARIO,310833.0
3,ADMINISTRACAO DIRETA,235874,MINISTERIO DA CIDADANIA,72571,SECRETARIA-EXECUTIVA,237191,SECRETARIA DE GESTAO DE FUNDOS E TRANSFERENCIAS,2019,10,2,ORCAMENTO DE SEGURIDADE SOCIAL,41,TRANSFERENCIAS A MUNICIPIOS - FUNDO A FUNDO,2,PRIMARIO DISCRICIONARIO,149268583.58
3,ADMINISTRACAO DIRETA,235874,MINISTERIO DA CIDADANIA,72571,SECRETARIA-EXECUTIVA,237191,SECRETARIA DE GESTAO DE FUNDOS E TRANSFERENCIAS,2019,10,2,ORCAMENTO DE SEGURIDADE SOCIAL,41,TRANSFERENCIAS A MUNICIPIOS - FUNDO A FUNDO,6,DESPESA DISCRICIONARIA DECORRENTE DE EMENDA INDIVIDUAL,0.0
3,ADMINISTRACAO DIRETA,235874,MINISTERIO DA CIDADANIA,72571,SECRETARIA-EXECUTIVA,237191,SECRETARIA DE GESTAO DE FUNDOS E TRANSFERENCIAS,2019,10,2,ORCAMENTO DE SEGURIDADE SOCIAL,41,TRANSFERENCIAS A MUNICIPIOS - FUNDO A FUNDO,7,DESPESA DISCRICIONARIA DECORRENTE DE EMENDA DE BANCADA,0.0
3,ADMINISTRACAO DIRETA,235874,MINISTERIO DA CIDADANIA,72571,SECRETARIA-EXECUTIVA,237191,SECRETARIA DE GESTAO DE FUNDOS E TRANSFERENCIAS,2019,11,2,ORCAMENTO DE SEGURIDADE SOCIAL,30,TRANSFER. A ESTADOS E AO DISTRITO FEDERAL,2,PRIMARIO DISCRICIONARIO,0.0
3,ADMINISTRACAO DIRETA,235880,MINISTERIO DO DESENVOLVIMENTO REGIONAL,43032,SECRETARIA NACIONAL DE SEGURANCA HIDRICA,-9,NAO SE APLICA,2019,5,1,ORCAMENTO FISCAL,30,TRANSFER. A ESTADOS E AO DISTRITO FEDERAL,3,PRIMARIO SEM IMPACTO FISCAL,0.0
3,ADMINISTRACAO DIRETA,235880,MINISTERIO DO DESENVOLVIMENTO REGIONAL,43032,SECRETARIA NACIONAL DE SEGURANCA HIDRICA,-9,NAO SE APLICA,2019,5,1,ORCAMENTO FISCAL,30,TRANSFER. A ESTADOS E AO DISTRITO FEDERAL,6,DESPESA DISCRICIONARIA DECORRENTE DE EMENDA INDIVIDUAL,0.0
3,ADMINISTRACAO DIRETA,235880,MINISTERIO DO DESENVOLVIMENTO REGIONAL,43032,SECRETARIA NACIONAL DE SEGURANCA HIDRICA,-9,NAO SE APLICA,2019,5,1,ORCAMENTO FISCAL,40,TRANSFERENCIAS A MUNICIPIOS,2,PRIMARIO DISCRICIONARIO,0.0
3,ADMINISTRACAO DIRETA,2846,MINISTERIO DA INFRAESTRUTURA,92748,SECRETARIA NACIONAL DE PORTOS E TRANSPORTES AQUAVIARIOS,-9,NAO SE APLICA,2019,12,1,ORCAMENTO FISCAL,80,TRANSFERENCIAS AO EXTERIOR,2,PRIMARIO DISCRICIONARIO,0.0
1,EMPRESA PUBLICA,2846,MINISTERIO DA INFRAESTRUTURA,119672,EMPRESA DE PLANEJAMENTO E LOGISTICA S.A.,-9,NAO SE APLICA,2019,2,1,ORCAMENTO FISCAL,32,EXECUCAO ORCAMENTARIA DELEGADA AOS ESTADOS/DF,3,PRIMARIO SEM IMPACTO FISCAL,413913.99
1,EMPRESA PUBLICA,2846,MINISTERIO DA INFRAESTRUTURA,119672,EMPRESA DE PLANEJAMENTO E LOGISTICA S.A.,-9,NAO SE APLICA,2019,3,1,ORCAMENTO FISCAL,32,EXECUCAO ORCAMENTARIA DELEGADA AOS ESTADOS/DF,3,PRIMARIO SEM IMPACTO FISCAL,0.0
1,EMPRESA PUBLICA,2846,MINISTERIO DA INFRAESTRUTURA,119672,EMPRESA DE PLANEJAMENTO E LOGISTICA S.A.,-9,NAO SE APLICA,2019,4,1,ORCAMENTO FISCAL,32,EXECUCAO ORCAMENTARIA DELEGADA AOS ESTADOS/DF,3,PRIMARIO SEM IMPACTO FISCAL,0.0
1,EMPRESA PUBLICA,2846,MINISTERIO DA INFRAESTRUTURA,119672,EMPRESA DE PLANEJAMENTO E LOGISTICA S.A.,-9,NAO SE APLICA,2019,5,1,ORCAMENTO FISCAL,32,EXECUCAO ORCAMENTARIA DELEGADA AOS ESTADOS/DF,3,PRIMARIO SEM IMPACTO FISCAL,0.0
1,EMPRESA PUBLICA,2846,MINISTERIO DA INFRAESTRUTURA,119672,EMPRESA DE PLANEJAMENTO E LOGISTICA S.A.,-9,NAO SE APLICA,2019,6,1,ORCAMENTO FISCAL,32,EXECUCAO ORCAMENTARIA DELEGADA AOS ESTADOS/DF,3,PRIMARIO SEM IMPACTO FISCAL,0.0
1,EMPRESA PUBLICA,2846,MINISTERIO DA INFRAESTRUTURA,119672,EMPRESA DE PLANEJAMENTO E LOGISTICA S.A.,-9,NAO SE APLICA,2019,7,1,ORCAMENTO FISCAL,32,EXECUCAO ORCAMENTARIA DELEGADA AOS ESTADOS/DF,3,PRIMARIO SEM IMPACTO FISCAL,166721.04
1,EMPRESA PUBLICA,2846,MINISTERIO DA INFRAESTRUTURA,119672,EMPRESA DE PLANEJAMENTO E LOGISTICA S.A.,-9,NAO SE APLICA,2019,8,1,ORCAMENTO FISCAL,32,EXECUCAO ORCAMENTARIA DELEGADA AOS ESTADOS/DF,3,PRIMARIO SEM IMPACTO FISCAL,0.0
4,AUTARQUIA,72084,MINISTERIO DO TURISMO,100584,INSTITUTO BRASILEIRO DE MUSEUS,102607,DEPARTAMENTO DE PLANEJAMENTO E GESTAO INTERNA,2019,7,1,ORCAMENTO FISCAL,80,TRANSFERENCIAS AO EXTERIOR,2,PRIMARIO DISCRICIONARIO,225540.0
4,AUTARQUIA,72084,MINISTERIO DO TURISMO,100584,INSTITUTO BRASILEIRO DE MUSEUS,102607,DEPARTAMENTO DE PLANEJAMENTO E GESTAO INTERNA,2019,8,1,ORCAMENTO FISCAL,50,TRANSF. A INST. PRIVADAS S/ FINS LUCRATIVOS,6,DESPESA DISCRICIONARIA DECORRENTE DE EMENDA INDIVIDUAL,0.0
4,AUTARQUIA,72084,MINISTERIO DO TURISMO,100584,INSTITUTO BRASILEIRO DE MUSEUS,102607,DEPARTAMENTO DE PLANEJAMENTO E GESTAO INTERNA,2019,8,1,ORCAMENTO FISCAL,80,TRANSFERENCIAS AO EXTERIOR,2,PRIMARIO DISCRICIONARIO,0.0
4,AUTARQUIA,72084,MINISTERIO DO TURISMO,100584,INSTITUTO BRASILEIRO DE MUSEUS,102607,DEPARTAMENTO DE PLANEJAMENTO E GESTAO INTERNA,2019,9,1,ORCAMENTO FISCAL,40,TRANSFERENCIAS A MUNICIPIOS,6,DESPESA DISCRICIONARIA DECORRENTE DE EMENDA INDIVIDUAL,0.0
4,AUTARQUIA,72084,MINISTERIO DO TURISMO,100584,INSTITUTO BRASILEIRO DE MUSEUS,102607,DEPARTAMENTO DE PLANEJAMENTO E GESTAO INTERNA,2019,9,1,ORCAMENTO FISCAL,50,TRANSF. A INST. PRIVADAS S/ FINS LUCRATIVOS,6,DESPESA DISCRICIONARIA DECORRENTE DE EMENDA INDIVIDUAL,147500.0
4,AUTARQUIA,72084,MINISTERIO DO TURISMO,100584,INSTITUTO BRASILEIRO DE MUSEUS,102607,DEPARTAMENTO DE PLANEJAMENTO E GESTAO INTERNA,2019,9,1,ORCAMENTO FISCAL,80,TRANSFERENCIAS AO EXTERIOR,2,PRIMARIO DISCRICIONARIO,0.0
4,AUTARQUIA,72084,MINISTERIO DO TURISMO,100584,INSTITUTO BRASILEIRO DE MUSEUS,102607,DEPARTAMENTO DE PLANEJAMENTO E GESTAO INTERNA,2019,10,1,ORCAMENTO FISCAL,40,TRANSFERENCIAS A MUNICIPIOS,6,DESPESA DISCRICIONARIA DECORRENTE DE EMENDA INDIVIDUAL,0.0
4,AUTARQUIA,72084,MINISTERIO DO TURISMO,100584,INSTITUTO BRASILEIRO DE MUSEUS,102607,DEPARTAMENTO DE PLANEJAMENTO E GESTAO INTERNA,2019,10,1,ORCAMENTO FISCAL,50,TRANSF. A INST. PRIVADAS S/ FINS LUCRATIVOS,6,DESPESA DISCRICIONARIA DECORRENTE DE EMENDA INDIVIDUAL,0.0
4,AUTARQUIA,72084,MINISTERIO DO TURISMO,100584,INSTITUTO BRASILEIRO DE MUSEUS,102607,DEPARTAMENTO DE PLANEJAMENTO E GESTAO INTERNA,2019,10,1,ORCAMENTO FISCAL,80,TRANSFERENCIAS AO EXTERIOR,2,PRIMARIO DISCRICIONARIO,0.0
4,AUTARQUIA,72084,MINISTERIO DO TURISMO,100584,INSTITUTO BRASILEIRO DE MUSEUS,102607,DEPARTAMENTO DE PLANEJAMENTO E GESTAO INTERNA,2019,11,1,ORCAMENTO FISCAL,40,TRANSFERENCIAS A MUNICIPIOS,6,DESPESA DISCRICIONARIA DECORRENTE DE EMENDA INDIVIDUAL,0.0
4,AUTARQUIA,72084,MINISTERIO DO TURISMO,100584,INSTITUTO BRASILEIRO DE MUSEUS,102607,DEPARTAMENTO DE PLANEJAMENTO E GESTAO INTERNA,2019,11,1,ORCAMENTO FISCAL,50,TRANSF. A INST. PRIVADAS S/ FINS LUCRATIVOS,6,DESPESA DISCRICIONARIA DECORRENTE DE EMENDA INDIVIDUAL,131520.0
4,AUTARQUIA,72084,MINISTERIO DO TURISMO,100584,INSTITUTO BRASILEIRO DE MUSEUS,102607,DEPARTAMENTO DE PLANEJAMENTO E GESTAO INTERNA,2019,11,1,ORCAMENTO FISCAL,80,TRANSFERENCIAS AO EXTERIOR,2,PRIMARIO DISCRICIONARIO,0.0
4,AUTARQUIA,72084,MINISTERIO DO TURISMO,100584,INSTITUTO BRASILEIRO DE MUSEUS,102607,DEPARTAMENTO DE PLANEJAMENTO E GESTAO INTERNA,2019,12,1,ORCAMENTO FISCAL,40,TRANSFERENCIAS A MUNICIPIOS,6,DESPESA DISCRICIONARIA DECORRENTE DE EMENDA INDIVIDUAL,0.0
4,AUTARQUIA,72084,MINISTERIO DO TURISMO,100584,INSTITUTO BRASILEIRO DE MUSEUS,102607,DEPARTAMENTO DE PLANEJAMENTO E GESTAO INTERNA,2019,12,1,ORCAMENTO FISCAL,50,TRANSF. A INST. PRIVADAS S/ FINS LUCRATIVOS,6,DESPESA DISCRICIONARIA DECORRENTE DE EMENDA INDIVIDUAL,0.0
4,AUTARQUIA,72084,MINISTERIO DO TURISMO,100584,INSTITUTO BRASILEIRO DE MUSEUS,102607,DEPARTAMENTO DE PLANEJAMENTO E GESTAO INTERNA,2019,12,1,ORCAMENTO FISCAL,80,TRANSFERENCIAS AO EXTERIOR,2,PRIMARIO DISCRICIONARIO,0.0
3,ADMINISTRACAO DIRETA,214460,CONTROLADORIA-GERAL DA UNIAO,88353,SECRETARIA-EXECUTIVA,88721,DIRETORIA DE GESTAO INTERNA,2019,6,1,ORCAMENTO FISCAL,50,TRANSF. A INST. PRIVADAS S/ FINS LUCRATIVOS,2,PRIMARIO DISCRICIONARIO,0.0
3,ADMINISTRACAO DIRETA,214460,CONTROLADORIA-GERAL DA UNIAO,88353,SECRETARIA-EXECUTIVA,88721,DIRETORIA DE GESTAO INTERNA,2019,6,1,ORCAMENTO FISCAL,80,TRANSFERENCIAS AO EXTERIOR,2,PRIMARIO DISCRICIONARIO,0.0
3,ADMINISTRACAO DIRETA,214460,CONTROLADORIA-GERAL DA UNIAO,88353,SECRETARIA-EXECUTIVA,88721,DIRETORIA DE GESTAO INTERNA,2019,7,1,ORCAMENTO FISCAL,50,TRANSF. A INST. PRIVADAS S/ FINS LUCRATIVOS,2,PRIMARIO DISCRICIONARIO,0.0
3,ADMINISTRACAO DIRETA,214460,CONTROLADORIA-GERAL DA UNIAO,88353,SECRETARIA-EXECUTIVA,88721,DIRETORIA DE GESTAO INTERNA,2019,7,1,ORCAMENTO FISCAL,80,TRANSFERENCIAS AO EXTERIOR,2,PRIMARIO DISCRICIONARIO,0.0
3,ADMINISTRACAO DIRETA,214460,CONTROLADORIA-GERAL DA UNIAO,88353,SECRETARIA-EXECUTIVA,88721,DIRETORIA DE GESTAO INTERNA,2019,8,1,ORCAMENTO FISCAL,50,TRANSF. A INST. PRIVADAS S/ FINS LUCRATIVOS,2,PRIMARIO DISCRICIONARIO,0.0
3,ADMINISTRACAO DIRETA,214460,CONTROLADORIA-GERAL DA UNIAO,88353,SECRETARIA-EXECUTIVA,88721,DIRETORIA DE GESTAO INTERNA,2019,8,1,ORCAMENTO FISCAL,80,TRANSFERENCIAS AO EXTERIOR,2,PRIMARIO DISCRICIONARIO,350000.0
3,ADMINISTRACAO DIRETA,214460,CONTROLADORIA-GERAL DA UNIAO,88353,SECRETARIA-EXECUTIVA,88721,DIRETORIA DE GESTAO INTERNA,2019,9,1,ORCAMENTO FISCAL,50,TRANSF. A INST. PRIVADAS S/ FINS LUCRATIVOS,2,PRIMARIO DISCRICIONARIO,0.0
3,ADMINISTRACAO DIRETA,235874,MINISTERIO DA CIDADANIA,1945,SECRETARIA ESPECIAL DO DESENVOLVIMENTO SOCIAL,77782,SECRETARIA NACIONAL DE INCLUSAO SOCIAL E PRODUTIVA RURAL,2019,8,2,ORCAMENTO DE SEGURIDADE SOCIAL,50,TRANSF. A INST. PRIVADAS S/ FINS LUCRATIVOS,2,PRIMARIO DISCRICIONARIO,0.0
3,ADMINISTRACAO DIRETA,235874,MINISTERIO DA CIDADANIA,1945,SECRETARIA ESPECIAL DO DESENVOLVIMENTO SOCIAL,77782,SECRETARIA NACIONAL DE INCLUSAO SOCIAL E PRODUTIVA RURAL,2019,8,2,ORCAMENTO DE SEGURIDADE SOCIAL,71,TRANSF.CONSORC.PUB.MEDIANTE CONTRATO RATEIO,2,PRIMARIO DISCRICIONARIO,0.0
4,AUTARQUIA,235880,MINISTERIO DO DESENVOLVIMENTO REGIONAL,367,DEPARTAMENTO NACIONAL DE OBRAS CONTRA AS SECAS,-9,NAO SE APLICA,2019,7,1,ORCAMENTO FISCAL,30,TRANSFER. A ESTADOS E AO DISTRITO FEDERAL,3,PRIMARIO SEM IMPACTO FISCAL,0.0
4,AUTARQUIA,235880,MINISTERIO DO DESENVOLVIMENTO REGIONAL,367,DEPARTAMENTO NACIONAL DE OBRAS CONTRA AS SECAS,-9,NAO SE APLICA,2019,7,1,ORCAMENTO FISCAL,30,TRANSFER. A ESTADOS E AO DISTRITO FEDERAL,7,DESPESA DISCRICIONARIA DECORRENTE DE EMENDA DE BANCADA,56757298.72
4,AUTARQUIA,235880,MINISTERIO DO DESENVOLVIMENTO REGIONAL,367,DEPARTAMENTO NACIONAL DE OBRAS CONTRA AS SECAS,-9,NAO SE APLICA,2019,7,1,ORCAMENTO FISCAL,40,TRANSFERENCIAS A MUNICIPIOS,2,PRIMARIO DISCRICIONARIO,147617.28
4,AUTARQUIA,235880,MINISTERIO DO DESENVOLVIMENTO REGIONAL,367,DEPARTAMENTO NACIONAL DE OBRAS CONTRA AS SECAS,-9,NAO SE APLICA,2019,7,1,ORCAMENTO FISCAL,40,TRANSFERENCIAS A MUNICIPIOS,6,DESPESA DISCRICIONARIA DECORRENTE DE EMENDA INDIVIDUAL,0.0
4,AUTARQUIA,235880,MINISTERIO DO DESENVOLVIMENTO REGIONAL,367,DEPARTAMENTO NACIONAL DE OBRAS CONTRA AS SECAS,-9,NAO SE APLICA,2019,8,1,ORCAMENTO FISCAL,30,TRANSFER. A ESTADOS E AO DISTRITO FEDERAL,3,PRIMARIO SEM IMPACTO FISCAL,0.0
4,AUTARQUIA,235880,MINISTERIO DO DESENVOLVIMENTO REGIONAL,367,DEPARTAMENTO NACIONAL DE OBRAS CONTRA AS SECAS,-9,NAO SE APLICA,2019,8,1,ORCAMENTO FISCAL,30,TRANSFER. A ESTADOS E AO DISTRITO FEDERAL,7,DESPESA DISCRICIONARIA DECORRENTE DE EMENDA DE BANCADA,0.0
4,AUTARQUIA,235880,MINISTERIO DO DESENVOLVIMENTO REGIONAL,367,DEPARTAMENTO NACIONAL DE OBRAS CONTRA AS SECAS,-9,NAO SE APLICA,2019,8,1,ORCAMENTO FISCAL,40,TRANSFERENCIAS A MUNICIPIOS,2,PRIMARIO DISCRICIONARIO,0.0
4,AUTARQUIA,235880,MINISTERIO DO DESENVOLVIMENTO REGIONAL,367,DEPARTAMENTO NACIONAL DE OBRAS CONTRA AS SECAS,-9,NAO SE APLICA,2019,8,1,ORCAMENTO FISCAL,40,TRANSFERENCIAS A MUNICIPIOS,6,DESPESA DISCRICIONARIA DECORRENTE DE EMENDA INDIVIDUAL,0.0
4,AUTARQUIA,235880,MINISTERIO DO DESENVOLVIMENTO REGIONAL,367,DEPARTAMENTO NACIONAL DE OBRAS CONTRA AS SECAS,-9,NAO SE APLICA,2019,9,1,ORCAMENTO FISCAL,30,TRANSFER. A ESTADOS E AO DISTRITO FEDERAL,3,PRIMARIO SEM IMPACTO FISCAL,0.0
4,AUTARQUIA,235880,MINISTERIO DO DESENVOLVIMENTO REGIONAL,367,DEPARTAMENTO NACIONAL DE OBRAS CONTRA AS SECAS,-9,NAO SE APLICA,2019,9,1,ORCAMENTO FISCAL,30,TRANSFER. A ESTADOS E AO DISTRITO FEDERAL,7,DESPESA DISCRICIONARIA DECORRENTE DE EMENDA DE BANCADA,0.0
4,AUTARQUIA,235880,MINISTERIO DO DESENVOLVIMENTO REGIONAL,367,DEPARTAMENTO NACIONAL DE OBRAS CONTRA AS SECAS,-9,NAO SE APLICA,2019,9,1,ORCAMENTO FISCAL,40,TRANSFERENCIAS A MUNICIPIOS,2,PRIMARIO DISCRICIONARIO,0.0
4,AUTARQUIA,235880,MINISTERIO DO DESENVOLVIMENTO REGIONAL,367,DEPARTAMENTO NACIONAL DE OBRAS CONTRA AS SECAS,-9,NAO SE APLICA,2019,9,1,ORCAMENTO FISCAL,40,TRANSFERENCIAS A MUNICIPIOS,6,DESPESA DISCRICIONARIA DECORRENTE DE EMENDA INDIVIDUAL,0.0
4,AUTARQUIA,235880,MINISTERIO DO DESENVOLVIMENTO REGIONAL,367,DEPARTAMENTO NACIONAL DE OBRAS CONTRA AS SECAS,-9,NAO SE APLICA,2019,10,1,ORCAMENTO FISCAL,30,TRANSFER. A ESTADOS E AO DISTRITO FEDERAL,3,PRIMARIO SEM IMPACTO FISCAL,0.0
4,AUTARQUIA,235880,MINISTERIO DO DESENVOLVIMENTO REGIONAL,367,DEPARTAMENTO NACIONAL DE OBRAS CONTRA AS SECAS,-9,NAO SE APLICA,2019,10,1,ORCAMENTO FISCAL,30,TRANSFER. A ESTADOS E AO DISTRITO FEDERAL,7,DESPESA DISCRICIONARIA DECORRENTE DE EMENDA DE BANCADA,0.0
4,AUTARQUIA,235880,MINISTERIO DO DESENVOLVIMENTO REGIONAL,367,DEPARTAMENTO NACIONAL DE OBRAS CONTRA AS SECAS,-9,NAO SE APLICA,2019,10,1,ORCAMENTO FISCAL,40,TRANSFERENCIAS A MUNICIPIOS,2,PRIMARIO DISCRICIONARIO,172000.0
4,AUTARQUIA,235880,MINISTERIO DO DESENVOLVIMENTO REGIONAL,367,DEPARTAMENTO NACIONAL DE OBRAS CONTRA AS SECAS,-9,NAO SE APLICA,2019,10,1,ORCAMENTO FISCAL,40,TRANSFERENCIAS A MUNICIPIOS,6,DESPESA DISCRICIONARIA DECORRENTE DE EMENDA INDIVIDUAL,0.0
4,AUTARQUIA,235880,MINISTERIO DO DESENVOLVIMENTO REGIONAL,367,DEPARTAMENTO NACIONAL DE OBRAS CONTRA AS SECAS,-9,NAO SE APLICA,2019,11,1,ORCAMENTO FISCAL,30,TRANSFER. A ESTADOS E AO DISTRITO FEDERAL,3,PRIMARIO SEM IMPACTO FISCAL,0.0
4,AUTARQUIA,235880,MINISTERIO DO DESENVOLVIMENTO REGIONAL,367,DEPARTAMENTO NACIONAL DE OBRAS CONTRA AS SECAS,-9,NAO SE APLICA,2019,11,1,ORCAMENTO FISCAL,30,TRANSFER. A ESTADOS E AO DISTRITO FEDERAL,7,DESPESA DISCRICIONARIA DECORRENTE DE EMENDA DE BANCADA,0.0
4,AUTARQUIA,235880,MINISTERIO DO DESENVOLVIMENTO REGIONAL,367,DEPARTAMENTO NACIONAL DE OBRAS CONTRA AS SECAS,-9,NAO SE APLICA,2019,11,1,ORCAMENTO FISCAL,40,TRANSFERENCIAS A MUNICIPIOS,2,PRIMARIO DISCRICIONARIO,0.0
4,AUTARQUIA,235880,MINISTERIO DO DESENVOLVIMENTO REGIONAL,367,DEPARTAMENTO NACIONAL DE OBRAS CONTRA AS SECAS,-9,NAO SE APLICA,2019,11,1,ORCAMENTO FISCAL,40,TRANSFERENCIAS A MUNICIPIOS,6,DESPESA DISCRICIONARIA DECORRENTE DE EMENDA INDIVIDUAL,0.0
4,AUTARQUIA,235880,MINISTERIO DO DESENVOLVIMENTO REGIONAL,367,DEPARTAMENTO NACIONAL DE OBRAS CONTRA AS SECAS,-9,NAO SE APLICA,2019,12,1,ORCAMENTO FISCAL,30,TRANSFER. A ESTADOS E AO DISTRITO FEDERAL,3,PRIMARIO SEM IMPACTO FISCAL,0.0
4,AUTARQUIA,235880,MINISTERIO DO DESENVOLVIMENTO REGIONAL,367,DEPARTAMENTO NACIONAL DE OBRAS CONTRA AS SECAS,-9,NAO SE APLICA,2019,12,1,ORCAMENTO FISCAL,30,TRANSFER. A ESTADOS E AO DISTRITO FEDERAL,7,DESPESA DISCRICIONARIA DECORRENTE DE EMENDA DE BANCADA,0.0
4,AUTARQUIA,235880,MINISTERIO DO DESENVOLVIMENTO REGIONAL,367,DEPARTAMENTO NACIONAL DE OBRAS CONTRA AS SECAS,-9,NAO SE APLICA,2019,12,1,ORCAMENTO FISCAL,40,TRANSFERENCIAS A MUNICIPIOS,2,PRIMARIO DISCRICIONARIO,6669242.08
4,AUTARQUIA,235880,MINISTERIO DO DESENVOLVIMENTO REGIONAL,367,DEPARTAMENTO NACIONAL DE OBRAS CONTRA AS SECAS,-9,NAO SE APLICA,2019,12,1,ORCAMENTO FISCAL,40,TRANSFERENCIAS A MUNICIPIOS,6,DESPESA DISCRICIONARIA DECORRENTE DE EMENDA INDIVIDUAL,3302987.01
3,ADMINISTRACAO DIRETA,1988,"MINISTERIO DA CIENCIA, TECNOLOGIA, INOVACOES E COMUNICACOES",73537,SECRETARIA DE TELECOMUNICACOES,-9,NAO SE APLICA,2019,12,1,ORCAMENTO FISCAL,50,TRANSF. A INST. PRIVADAS S/ FINS LUCRATIVOS,2,PRIMARIO DISCRICIONARIO,0.0
3,ADMINISTRACAO DIRETA,1988,"MINISTERIO DA CIENCIA, TECNOLOGIA, INOVACOES E COMUNICACOES",75234,SECRETARIA DE EMPREENDEDORISMO E INOVACAO,-9,NAO SE APLICA,2019,6,1,ORCAMENTO FISCAL,30,TRANSFER. A ESTADOS E AO DISTRITO FEDERAL,6,DESPESA DISCRICIONARIA DECORRENTE DE EMENDA INDIVIDUAL,0.0
3,ADMINISTRACAO DIRETA,1988,"MINISTERIO DA CIENCIA, TECNOLOGIA, INOVACOES E COMUNICACOES",75234,SECRETARIA DE EMPREENDEDORISMO E INOVACAO,-9,NAO SE APLICA,2019,6,1,ORCAMENTO FISCAL,50,TRANSF. A INST. PRIVADAS S/ FINS LUCRATIVOS,6,DESPESA DISCRICIONARIA DECORRENTE DE EMENDA INDIVIDUAL,0.0
3,ADMINISTRACAO DIRETA,1988,"MINISTERIO DA CIENCIA, TECNOLOGIA, INOVACOES E COMUNICACOES",75234,SECRETARIA DE EMPREENDEDORISMO E INOVACAO,-9,NAO SE APLICA,2019,7,1,ORCAMENTO FISCAL,30,TRANSFER. A ESTADOS E AO DISTRITO FEDERAL,6,DESPESA DISCRICIONARIA DECORRENTE DE EMENDA INDIVIDUAL,0.0
3,ADMINISTRACAO DIRETA,1988,"MINISTERIO DA CIENCIA, TECNOLOGIA, INOVACOES E COMUNICACOES",75234,SECRETARIA DE EMPREENDEDORISMO E INOVACAO,-9,NAO SE APLICA,2019,7,1,ORCAMENTO FISCAL,50,TRANSF. A INST. PRIVADAS S/ FINS LUCRATIVOS,6,DESPESA DISCRICIONARIA DECORRENTE DE EMENDA INDIVIDUAL,0.0
3,ADMINISTRACAO DIRETA,1988,"MINISTERIO DA CIENCIA, TECNOLOGIA, INOVACOES E COMUNICACOES",75234,SECRETARIA DE EMPREENDEDORISMO E INOVACAO,-9,NAO SE APLICA,2019,8,1,ORCAMENTO FISCAL,30,TRANSFER. A ESTADOS E AO DISTRITO FEDERAL,6,DESPESA DISCRICIONARIA DECORRENTE DE EMENDA INDIVIDUAL,100000.0
3,ADMINISTRACAO DIRETA,1988,"MINISTERIO DA CIENCIA, TECNOLOGIA, INOVACOES E COMUNICACOES",75234,SECRETARIA DE EMPREENDEDORISMO E INOVACAO,-9,NAO SE APLICA,2019,8,1,ORCAMENTO FISCAL,50,TRANSF. A INST. PRIVADAS S/ FINS LUCRATIVOS,2,PRIMARIO DISCRICIONARIO,0.0
3,ADMINISTRACAO DIRETA,1988,"MINISTERIO DA CIENCIA, TECNOLOGIA, INOVACOES E COMUNICACOES",75234,SECRETARIA DE EMPREENDEDORISMO E INOVACAO,-9,NAO SE APLICA,2019,8,1,ORCAMENTO FISCAL,50,TRANSF. A INST. PRIVADAS S/ FINS LUCRATIVOS,6,DESPESA DISCRICIONARIA DECORRENTE DE EMENDA INDIVIDUAL,0.0
3,ADMINISTRACAO DIRETA,1988,"MINISTERIO DA CIENCIA, TECNOLOGIA, INOVACOES E COMUNICACOES",75234,SECRETARIA DE EMPREENDEDORISMO E INOVACAO,-9,NAO SE APLICA,2019,9,1,ORCAMENTO FISCAL,30,TRANSFER. A ESTADOS E AO DISTRITO FEDERAL,6,DESPESA DISCRICIONARIA DECORRENTE DE EMENDA INDIVIDUAL,0.0
3,ADMINISTRACAO DIRETA,1988,"MINISTERIO DA CIENCIA, TECNOLOGIA, INOVACOES E COMUNICACOES",75234,SECRETARIA DE EMPREENDEDORISMO E INOVACAO,-9,NAO SE APLICA,2019,9,1,ORCAMENTO FISCAL,40,TRANSFERENCIAS A MUNICIPIOS,6,DESPESA DISCRICIONARIA DECORRENTE DE EMENDA INDIVIDUAL,0.0
3,ADMINISTRACAO DIRETA,1988,"MINISTERIO DA CIENCIA, TECNOLOGIA, INOVACOES E COMUNICACOES",75234,SECRETARIA DE EMPREENDEDORISMO E INOVACAO,-9,NAO SE APLICA,2019,9,1,ORCAMENTO FISCAL,50,TRANSF. A INST. PRIVADAS S/ FINS LUCRATIVOS,2,PRIMARIO DISCRICIONARIO,1000000.0
3,ADMINISTRACAO DIRETA,1988,"MINISTERIO DA CIENCIA, TECNOLOGIA, INOVACOES E COMUNICACOES",75234,SECRETARIA DE EMPREENDEDORISMO E INOVACAO,-9,NAO SE APLICA,2019,9,1,ORCAMENTO FISCAL,50,TRANSF. A INST. PRIVADAS S/ FINS LUCRATIVOS,6,DESPESA DISCRICIONARIA DECORRENTE DE EMENDA INDIVIDUAL,0.0
3,ADMINISTRACAO DIRETA,1988,"MINISTERIO DA CIENCIA, TECNOLOGIA, INOVACOES E COMUNICACOES",75234,SECRETARIA DE EMPREENDEDORISMO E INOVACAO,-9,NAO SE APLICA,2019,10,1,ORCAMENTO FISCAL,30,TRANSFER. A ESTADOS E AO DISTRITO FEDERAL,6,DESPESA DISCRICIONARIA DECORRENTE DE EMENDA INDIVIDUAL,0.0
3,ADMINISTRACAO DIRETA,1988,"MINISTERIO DA CIENCIA, TECNOLOGIA, INOVACOES E COMUNICACOES",75234,SECRETARIA DE EMPREENDEDORISMO E INOVACAO,-9,NAO SE APLICA,2019,10,1,ORCAMENTO FISCAL,40,TRANSFERENCIAS A MUNICIPIOS,6,DESPESA DISCRICIONARIA DECORRENTE DE EMENDA INDIVIDUAL,0.0
3,ADMINISTRACAO DIRETA,1988,"MINISTERIO DA CIENCIA, TECNOLOGIA, INOVACOES E COMUNICACOES",75234,SECRETARIA DE EMPREENDEDORISMO E INOVACAO,-9,NAO SE APLICA,2019,10,1,ORCAMENTO FISCAL,50,TRANSF. A INST. PRIVADAS S/ FINS LUCRATIVOS,2,PRIMARIO DISCRICIONARIO,0.0
3,ADMINISTRACAO DIRETA,1988,"MINISTERIO DA CIENCIA, TECNOLOGIA, INOVACOES E COMUNICACOES",75234,SECRETARIA DE EMPREENDEDORISMO E INOVACAO,-9,NAO SE APLICA,2019,10,1,ORCAMENTO FISCAL,50,TRANSF. A INST. PRIVADAS S/ FINS LUCRATIVOS,6,DESPESA DISCRICIONARIA DECORRENTE DE EMENDA INDIVIDUAL,0.0
3,ADMINISTRACAO DIRETA,1988,"MINISTERIO DA CIENCIA, TECNOLOGIA, INOVACOES E COMUNICACOES",75234,SECRETARIA DE EMPREENDEDORISMO E INOVACAO,-9,NAO SE APLICA,2019,11,1,ORCAMENTO FISCAL,30,TRANSFER. A ESTADOS E AO DISTRITO FEDERAL,6,DESPESA DISCRICIONARIA DECORRENTE DE EMENDA INDIVIDUAL,0.0
3,ADMINISTRACAO DIRETA,1988,"MINISTERIO DA CIENCIA, TECNOLOGIA, INOVACOES E COMUNICACOES",75234,SECRETARIA DE EMPREENDEDORISMO E INOVACAO,-9,NAO SE APLICA,2019,11,1,ORCAMENTO FISCAL,40,TRANSFERENCIAS A MUNICIPIOS,6,DESPESA DISCRICIONARIA DECORRENTE DE EMENDA INDIVIDUAL,0.0
3,ADMINISTRACAO DIRETA,1988,"MINISTERIO DA CIENCIA, TECNOLOGIA, INOVACOES E COMUNICACOES",75234,SECRETARIA DE EMPREENDEDORISMO E INOVACAO,-9,NAO SE APLICA,2019,11,1,ORCAMENTO FISCAL,50,TRANSF. A INST. PRIVADAS S/ FINS LUCRATIVOS,2,PRIMARIO DISCRICIONARIO,625371.65
4,AUTARQUIA,72084,MINISTERIO DO TURISMO,2045,INSTITUTO DO PATRIMONIO HISTORICO E ARTISTICO NACIONAL,42752,SUPERINTENDENCIA DO IPHAN NO ESTADO DE MINAS GERAIS,2019,6,1,ORCAMENTO FISCAL,50,TRANSF. A INST. PRIVADAS S/ FINS LUCRATIVOS,6,DESPESA DISCRICIONARIA DECORRENTE DE EMENDA INDIVIDUAL,0.0
4,AUTARQUIA,72084,MINISTERIO DO TURISMO,2045,INSTITUTO DO PATRIMONIO HISTORICO E ARTISTICO NACIONAL,42752,SUPERINTENDENCIA DO IPHAN NO ESTADO DE MINAS GERAIS,2019,7,1,ORCAMENTO FISCAL,40,TRANSFERENCIAS A MUNICIPIOS,6,DESPESA DISCRICIONARIA DECORRENTE DE EMENDA INDIVIDUAL,0.0
4,AUTARQUIA,72084,MINISTERIO DO TURISMO,2045,INSTITUTO DO PATRIMONIO HISTORICO E ARTISTICO NACIONAL,42752,SUPERINTENDENCIA DO IPHAN NO ESTADO DE MINAS GERAIS,2019,7,1,ORCAMENTO FISCAL,50,TRANSF. A INST. PRIVADAS S/ FINS LUCRATIVOS,6,DESPESA DISCRICIONARIA DECORRENTE DE EMENDA INDIVIDUAL,0.0
4,AUTARQUIA,72084,MINISTERIO DO TURISMO,2045,INSTITUTO DO PATRIMONIO HISTORICO E ARTISTICO NACIONAL,42752,SUPERINTENDENCIA DO IPHAN NO ESTADO DE MINAS GERAIS,2019,8,1,ORCAMENTO FISCAL,40,TRANSFERENCIAS A MUNICIPIOS,6,DESPESA DISCRICIONARIA DECORRENTE DE EMENDA INDIVIDUAL,0.0
4,AUTARQUIA,72084,MINISTERIO DO TURISMO,2045,INSTITUTO DO PATRIMONIO HISTORICO E ARTISTICO NACIONAL,42752,SUPERINTENDENCIA DO IPHAN NO ESTADO DE MINAS GERAIS,2019,8,1,ORCAMENTO FISCAL,50,TRANSF. A INST. PRIVADAS S/ FINS LUCRATIVOS,6,DESPESA DISCRICIONARIA DECORRENTE DE EMENDA INDIVIDUAL,0.0
4,AUTARQUIA,72084,MINISTERIO DO TURISMO,2045,INSTITUTO DO PATRIMONIO HISTORICO E ARTISTICO NACIONAL,42752,SUPERINTENDENCIA DO IPHAN NO ESTADO DE MINAS GERAIS,2019,9,1,ORCAMENTO FISCAL,40,TRANSFERENCIAS A MUNICIPIOS,6,DESPESA DISCRICIONARIA DECORRENTE DE EMENDA INDIVIDUAL,99341.04
4,AUTARQUIA,72084,MINISTERIO DO TURISMO,2045,INSTITUTO DO PATRIMONIO HISTORICO E ARTISTICO NACIONAL,42752,SUPERINTENDENCIA DO IPHAN NO ESTADO DE MINAS GERAIS,2019,9,1,ORCAMENTO FISCAL,50,TRANSF. A INST. PRIVADAS S/ FINS LUCRATIVOS,6,DESPESA DISCRICIONARIA DECORRENTE DE EMENDA INDIVIDUAL,0.0
4,AUTARQUIA,72084,MINISTERIO DO TURISMO,2045,INSTITUTO DO PATRIMONIO HISTORICO E ARTISTICO NACIONAL,42752,SUPERINTENDENCIA DO IPHAN NO ESTADO DE MINAS GERAIS,2019,10,1,ORCAMENTO FISCAL,40,TRANSFERENCIAS A MUNICIPIOS,6,DESPESA DISCRICIONARIA DECORRENTE DE EMENDA INDIVIDUAL,0.0
4,AUTARQUIA,72084,MINISTERIO DO TURISMO,2045,INSTITUTO DO PATRIMONIO HISTORICO E ARTISTICO NACIONAL,42752,SUPERINTENDENCIA DO IPHAN NO ESTADO DE MINAS GERAIS,2019,10,1,ORCAMENTO FISCAL,50,TRANSF. A INST. PRIVADAS S/ FINS LUCRATIVOS,6,DESPESA DISCRICIONARIA DECORRENTE DE EMENDA INDIVIDUAL,0.0
4,AUTARQUIA,72084,MINISTERIO DO TURISMO,2045,INSTITUTO DO PATRIMONIO HISTORICO E ARTISTICO NACIONAL,42752,SUPERINTENDENCIA DO IPHAN NO ESTADO DE MINAS GERAIS,2019,11,1,ORCAMENTO FISCAL,40,TRANSFERENCIAS A MUNICIPIOS,6,DESPESA DISCRICIONARIA DECORRENTE DE EMENDA INDIVIDUAL,0.0
4,AUTARQUIA,72084,MINISTERIO DO TURISMO,2045,INSTITUTO DO PATRIMONIO HISTORICO E ARTISTICO NACIONAL,42752,SUPERINTENDENCIA DO IPHAN NO ESTADO DE MINAS GERAIS,2019,11,1,ORCAMENTO FISCAL,50,TRANSF. A INST. PRIVADAS S/ FINS LUCRATIVOS,6,DESPESA DISCRICIONARIA DECORRENTE DE EMENDA INDIVIDUAL,0.0
4,AUTARQUIA,72084,MINISTERIO DO TURISMO,2045,INSTITUTO DO PATRIMONIO HISTORICO E ARTISTICO NACIONAL,42752,SUPERINTENDENCIA DO IPHAN NO ESTADO DE MINAS GERAIS,2019,12,1,ORCAMENTO FISCAL,40,TRANSFERENCIAS A MUNICIPIOS,6,DESPESA DISCRICIONARIA DECORRENTE DE EMENDA INDIVIDUAL,0.0
4,AUTARQUIA,72084,MINISTERIO DO TURISMO,2045,INSTITUTO DO PATRIMONIO HISTORICO E ARTISTICO NACIONAL,42752,SUPERINTENDENCIA DO IPHAN NO ESTADO DE MINAS GERAIS,2019,12,1,ORCAMENTO FISCAL,50,TRANSF. A INST. PRIVADAS S/ FINS LUCRATIVOS,6,DESPESA DISCRICIONARIA DECORRENTE DE EMENDA INDIVIDUAL,0.0
4,AUTARQUIA,72084,MINISTERIO DO TURISMO,2045,INSTITUTO DO PATRIMONIO HISTORICO E ARTISTICO NACIONAL,77545,SUPERINTENDENCIA DO IPHAN NO ESTADO DO MATO GROSSO,2019,8,1,ORCAMENTO FISCAL,40,TRANSFERENCIAS A MUNICIPIOS,3,PRIMARIO SEM IMPACTO FISCAL,0.0
4,AUTARQUIA,72084,MINISTERIO DO TURISMO,2045,INSTITUTO DO PATRIMONIO HISTORICO E ARTISTICO NACIONAL,77545,SUPERINTENDENCIA DO IPHAN NO ESTADO DO MATO GROSSO,2019,9,1,ORCAMENTO FISCAL,40,TRANSFERENCIAS A MUNICIPIOS,3,PRIMARIO SEM IMPACTO FISCAL,0.0
4,AUTARQUIA,72084,MINISTERIO DO TURISMO,2045,INSTITUTO DO PATRIMONIO HISTORICO E ARTISTICO NACIONAL,77545,SUPERINTENDENCIA DO IPHAN NO ESTADO DO MATO GROSSO,2019,10,1,ORCAMENTO FISCAL,40,TRANSFERENCIAS A MUNICIPIOS,3,PRIMARIO SEM IMPACTO FISCAL,0.0
4,AUTARQUIA,72084,MINISTERIO DO TURISMO,2045,INSTITUTO DO PATRIMONIO HISTORICO E ARTISTICO NACIONAL,77545,SUPERINTENDENCIA DO IPHAN NO ESTADO DO MATO GROSSO,2019,11,1,ORCAMENTO FISCAL,40,TRANSFERENCIAS A MUNICIPIOS,3,PRIMARIO SEM IMPACTO FISCAL,1000000.0
4,AUTARQUIA,72084,MINISTERIO DO TURISMO,2045,INSTITUTO DO PATRIMONIO HISTORICO E ARTISTICO NACIONAL,77545,SUPERINTENDENCIA DO IPHAN NO ESTADO DO MATO GROSSO,2019,12,1,ORCAMENTO FISCAL,40,TRANSFERENCIAS A MUNICIPIOS,3,PRIMARIO SEM IMPACTO FISCAL,1415764.46
4,AUTARQUIA,72084,MINISTERIO DO TURISMO,2045,INSTITUTO DO PATRIMONIO HISTORICO E ARTISTICO NACIONAL,102755,SUPERINTENDENCIA DO IPHAN NO ESTADO DO RIO GRANDE DO NORTE,2019,8,1,ORCAMENTO FISCAL,40,TRANSFERENCIAS A MUNICIPIOS,3,PRIMARIO SEM IMPACTO FISCAL,0.0
4,AUTARQUIA,72084,MINISTERIO DO TURISMO,2045,INSTITUTO DO PATRIMONIO HISTORICO E ARTISTICO NACIONAL,102755,SUPERINTENDENCIA DO IPHAN NO ESTADO DO RIO GRANDE DO NORTE,2019,9,1,ORCAMENTO FISCAL,40,TRANSFERENCIAS A MUNICIPIOS,3,PRIMARIO SEM IMPACTO FISCAL,0.0
3,ADMINISTRACAO DIRETA,235874,MINISTERIO DA CIDADANIA,1945,SECRETARIA ESPECIAL DO DESENVOLVIMENTO SOCIAL,77782,SECRETARIA NACIONAL DE INCLUSAO SOCIAL E PRODUTIVA RURAL,2019,9,2,ORCAMENTO DE SEGURIDADE SOCIAL,30,TRANSFER. A ESTADOS E AO DISTRITO FEDERAL,2,PRIMARIO DISCRICIONARIO,0.0
3,ADMINISTRACAO DIRETA,235874,MINISTERIO DA CIDADANIA,1945,SECRETARIA ESPECIAL DO DESENVOLVIMENTO SOCIAL,77782,SECRETARIA NACIONAL DE INCLUSAO SOCIAL E PRODUTIVA RURAL,2019,9,2,ORCAMENTO DE SEGURIDADE SOCIAL,40,TRANSFERENCIAS A MUNICIPIOS,6,DESPESA DISCRICIONARIA DECORRENTE DE EMENDA INDIVIDUAL,0.0
3,ADMINISTRACAO DIRETA,235874,MINISTERIO DA CIDADANIA,1945,SECRETARIA ESPECIAL DO DESENVOLVIMENTO SOCIAL,77782,SECRETARIA NACIONAL DE INCLUSAO SOCIAL E PRODUTIVA RURAL,2019,9,2,ORCAMENTO DE SEGURIDADE SOCIAL,50,TRANSF. A INST. PRIVADAS S/ FINS LUCRATIVOS,2,PRIMARIO DISCRICIONARIO,0.0
3,ADMINISTRACAO DIRETA,235874,MINISTERIO DA CIDADANIA,1945,SECRETARIA ESPECIAL DO DESENVOLVIMENTO SOCIAL,77782,SECRETARIA NACIONAL DE INCLUSAO SOCIAL E PRODUTIVA RURAL,2019,9,2,ORCAMENTO DE SEGURIDADE SOCIAL,71,TRANSF.CONSORC.PUB.MEDIANTE CONTRATO RATEIO,2,PRIMARIO DISCRICIONARIO,0.0
3,ADMINISTRACAO DIRETA,235874,MINISTERIO DA CIDADANIA,1945,SECRETARIA ESPECIAL DO DESENVOLVIMENTO SOCIAL,77782,SECRETARIA NACIONAL DE INCLUSAO SOCIAL E PRODUTIVA RURAL,2019,10,2,ORCAMENTO DE SEGURIDADE SOCIAL,30,TRANSFER. A ESTADOS E AO DISTRITO FEDERAL,2,PRIMARIO DISCRICIONARIO,23633999.09
3,ADMINISTRACAO DIRETA,235874,MINISTERIO DA CIDADANIA,1945,SECRETARIA ESPECIAL DO DESENVOLVIMENTO SOCIAL,77782,SECRETARIA NACIONAL DE INCLUSAO SOCIAL E PRODUTIVA RURAL,2019,10,2,ORCAMENTO DE SEGURIDADE SOCIAL,40,TRANSFERENCIAS A MUNICIPIOS,6,DESPESA DISCRICIONARIA DECORRENTE DE EMENDA INDIVIDUAL,0.0
3,ADMINISTRACAO DIRETA,235874,MINISTERIO DA CIDADANIA,1945,SECRETARIA ESPECIAL DO DESENVOLVIMENTO SOCIAL,77782,SECRETARIA NACIONAL DE INCLUSAO SOCIAL E PRODUTIVA RURAL,2019,10,2,ORCAMENTO DE SEGURIDADE SOCIAL,50,TRANSF. A INST. PRIVADAS S/ FINS LUCRATIVOS,2,PRIMARIO DISCRICIONARIO,0.0
3,ADMINISTRACAO DIRETA,235874,MINISTERIO DA CIDADANIA,1945,SECRETARIA ESPECIAL DO DESENVOLVIMENTO SOCIAL,77782,SECRETARIA NACIONAL DE INCLUSAO SOCIAL E PRODUTIVA RURAL,2019,10,2,ORCAMENTO DE SEGURIDADE SOCIAL,71,TRANSF.CONSORC.PUB.MEDIANTE CONTRATO RATEIO,2,PRIMARIO DISCRICIONARIO,0.0
3,ADMINISTRACAO DIRETA,235874,MINISTERIO DA CIDADANIA,1945,SECRETARIA ESPECIAL DO DESENVOLVIMENTO SOCIAL,77782,SECRETARIA NACIONAL DE INCLUSAO SOCIAL E PRODUTIVA RURAL,2019,11,2,ORCAMENTO DE SEGURIDADE SOCIAL,30,TRANSFER. A ESTADOS E AO DISTRITO FEDERAL,2,PRIMARIO DISCRICIONARIO,5000000.0
3,ADMINISTRACAO DIRETA,235874,MINISTERIO DA CIDADANIA,1945,SECRETARIA ESPECIAL DO DESENVOLVIMENTO SOCIAL,77782,SECRETARIA NACIONAL DE INCLUSAO SOCIAL E PRODUTIVA RURAL,2019,11,2,ORCAMENTO DE SEGURIDADE SOCIAL,40,TRANSFERENCIAS A MUNICIPIOS,6,DESPESA DISCRICIONARIA DECORRENTE DE EMENDA INDIVIDUAL,0.0
3,ADMINISTRACAO DIRETA,235874,MINISTERIO DA CIDADANIA,1945,SECRETARIA ESPECIAL DO DESENVOLVIMENTO SOCIAL,77782,SECRETARIA NACIONAL DE INCLUSAO SOCIAL E PRODUTIVA RURAL,2019,11,2,ORCAMENTO DE SEGURIDADE SOCIAL,50,TRANSF. A INST. PRIVADAS S/ FINS LUCRATIVOS,2,PRIMARIO DISCRICIONARIO,0.0
3,ADMINISTRACAO DIRETA,235874,MINISTERIO DA CIDADANIA,1945,SECRETARIA ESPECIAL DO DESENVOLVIMENTO SOCIAL,77782,SECRETARIA NACIONAL DE INCLUSAO SOCIAL E PRODUTIVA RURAL,2019,11,2,ORCAMENTO DE SEGURIDADE SOCIAL,71,TRANSF.CONSORC.PUB.MEDIANTE CONTRATO RATEIO,2,PRIMARIO DISCRICIONARIO,0.0
