co_natureza_juridica,ds_natureza_juridica,co_organizacao_n1,ds_organizacao_n1,co_organizacao_n2,ds_organizacao_n2,co_organizacao_n3,ds_organizacao_n3,an_lanc,me_lanc,va_custo_pensionistas
2,FUNDACAO PUBLICA,244,MINISTERIO DA EDUCACAO,465,FUNDACAO UNIVERSIDADE DO AMAZONAS,37855,HOSPITAL UNIVERSITARIO GETULIO VARGAS,2018,5,99907.95
2,FUNDACAO PUBLICA,244,MINISTERIO DA EDUCACAO,465,FUNDACAO UNIVERSIDADE DO AMAZONAS,37855,HOSPITAL UNIVERSITARIO GETULIO VARGAS,2018,9,99992.57
2,FUNDACAO PUBLICA,244,MINISTERIO DA EDUCACAO,465,FUNDACAO UNIVERSIDADE DO AMAZONAS,37855,HOSPITAL UNIVERSITARIO GETULIO VARGAS,2018,2,104414.45
3,ADMINISTRACAO DIRETA,244,MINISTERIO DA EDUCACAO,252,INSTITUTO NACIONAL DE EDUCACAO DE SURDOS,-9,NAO SE APLICA,2020,9,786187.69
3,ADMINISTRACAO DIRETA,244,MINISTERIO DA EDUCACAO,252,INSTITUTO NACIONAL DE EDUCACAO DE SURDOS,-9,NAO SE APLICA,2020,2,779203.22
3,ADMINISTRACAO DIRETA,244,MINISTERIO DA EDUCACAO,252,INSTITUTO NACIONAL DE EDUCACAO DE SURDOS,-9,NAO SE APLICA,2020,6,779676.77
3,ADMINISTRACAO DIRETA,244,MINISTERIO DA EDUCACAO,252,INSTITUTO NACIONAL DE EDUCACAO DE SURDOS,-9,NAO SE APLICA,2020,12,779059.11
3,ADMINISTRACAO DIRETA,244,MINISTERIO DA EDUCACAO,252,INSTITUTO NACIONAL DE EDUCACAO DE SURDOS,-9,NAO SE APLICA,2020,3,767507.6
3,ADMINISTRACAO DIRETA,244,MINISTERIO DA EDUCACAO,252,INSTITUTO NACIONAL DE EDUCACAO DE SURDOS,-9,NAO SE APLICA,2020,11,801949.88
3,ADMINISTRACAO DIRETA,244,MINISTERIO DA EDUCACAO,251,INSTITUTO BENJAMIN CONSTANT,-9,NAO SE APLICA,2020,9,875198.45
3,ADMINISTRACAO DIRETA,244,MINISTERIO DA EDUCACAO,251,INSTITUTO BENJAMIN CONSTANT,-9,NAO SE APLICA,2020,12,919698.8
3,ADMINISTRACAO DIRETA,244,MINISTERIO DA EDUCACAO,251,INSTITUTO BENJAMIN CONSTANT,-9,NAO SE APLICA,2020,11,870163.94
3,ADMINISTRACAO DIRETA,244,MINISTERIO DA EDUCACAO,251,INSTITUTO BENJAMIN CONSTANT,-9,NAO SE APLICA,2020,1,881016.94
3,ADMINISTRACAO DIRETA,244,MINISTERIO DA EDUCACAO,251,INSTITUTO BENJAMIN CONSTANT,-9,NAO SE APLICA,2020,8,875198.45
3,ADMINISTRACAO DIRETA,244,MINISTERIO DA EDUCACAO,251,INSTITUTO BENJAMIN CONSTANT,-9,NAO SE APLICA,2020,10,875198.45
3,ADMINISTRACAO DIRETA,244,MINISTERIO DA EDUCACAO,251,INSTITUTO BENJAMIN CONSTANT,-9,NAO SE APLICA,2020,6,874392.14
3,ADMINISTRACAO DIRETA,244,MINISTERIO DA EDUCACAO,251,INSTITUTO BENJAMIN CONSTANT,-9,NAO SE APLICA,2020,5,888685.02
3,ADMINISTRACAO DIRETA,304,MINISTERIO DA SAUDE,110368,SECRETARIA ESPECIAL DE SAUDE INDIGENA,38062,DISTRITO SANITARIO ESPECIAL INDIGENA - YANOMAMI,2016,12,17119.6
3,ADMINISTRACAO DIRETA,304,MINISTERIO DA SAUDE,110368,SECRETARIA ESPECIAL DE SAUDE INDIGENA,38062,DISTRITO SANITARIO ESPECIAL INDIGENA - YANOMAMI,2016,8,7518.98
3,ADMINISTRACAO DIRETA,304,MINISTERIO DA SAUDE,110368,SECRETARIA ESPECIAL DE SAUDE INDIGENA,38062,DISTRITO SANITARIO ESPECIAL INDIGENA - YANOMAMI,2016,7,7518.98
3,ADMINISTRACAO DIRETA,304,MINISTERIO DA SAUDE,110368,SECRETARIA ESPECIAL DE SAUDE INDIGENA,38062,DISTRITO SANITARIO ESPECIAL INDIGENA - YANOMAMI,2016,11,3020.41
3,ADMINISTRACAO DIRETA,304,MINISTERIO DA SAUDE,110368,SECRETARIA ESPECIAL DE SAUDE INDIGENA,38062,DISTRITO SANITARIO ESPECIAL INDIGENA - YANOMAMI,2016,10,7518.98
3,ADMINISTRACAO DIRETA,304,MINISTERIO DA SAUDE,110368,SECRETARIA ESPECIAL DE SAUDE INDIGENA,38062,DISTRITO SANITARIO ESPECIAL INDIGENA - YANOMAMI,2016,9,7518.98
3,ADMINISTRACAO DIRETA,304,MINISTERIO DA SAUDE,110368,SECRETARIA ESPECIAL DE SAUDE INDIGENA,38062,DISTRITO SANITARIO ESPECIAL INDIGENA - YANOMAMI,2016,5,3624.49
3,ADMINISTRACAO DIRETA,304,MINISTERIO DA SAUDE,110368,SECRETARIA ESPECIAL DE SAUDE INDIGENA,38062,DISTRITO SANITARIO ESPECIAL INDIGENA - YANOMAMI,2017,1,7252.13
3,ADMINISTRACAO DIRETA,1927,MINISTERIO DO MEIO AMBIENTE,3205,SECRETARIA-EXECUTIVA,38207,"SUBSECRETARIA DE PLANEJAMENTO, ORCAMENTO E ADMINISTRACAO",2015,8,33418.52
3,ADMINISTRACAO DIRETA,1927,MINISTERIO DO MEIO AMBIENTE,3205,SECRETARIA-EXECUTIVA,38207,"SUBSECRETARIA DE PLANEJAMENTO, ORCAMENTO E ADMINISTRACAO",2015,4,33418.52
3,ADMINISTRACAO DIRETA,1927,MINISTERIO DO MEIO AMBIENTE,3205,SECRETARIA-EXECUTIVA,38207,"SUBSECRETARIA DE PLANEJAMENTO, ORCAMENTO E ADMINISTRACAO",2015,10,32897.9
3,ADMINISTRACAO DIRETA,1927,MINISTERIO DO MEIO AMBIENTE,3205,SECRETARIA-EXECUTIVA,38207,"SUBSECRETARIA DE PLANEJAMENTO, ORCAMENTO E ADMINISTRACAO",2015,9,33418.52
3,ADMINISTRACAO DIRETA,244,MINISTERIO DA EDUCACAO,251,INSTITUTO BENJAMIN CONSTANT,-9,NAO SE APLICA,2020,4,884022.87
3,ADMINISTRACAO DIRETA,244,MINISTERIO DA EDUCACAO,251,INSTITUTO BENJAMIN CONSTANT,-9,NAO SE APLICA,2020,3,892559.42
3,ADMINISTRACAO DIRETA,235881,MINISTERIO DA JUSTICA E SEGURANCA PUBLICA,324,POLICIA FEDERAL,1141,SUPERINTENDENCIA REGIONAL DE POLICIA FEDERAL NA BAHIA,2020,3,1462782.85
3,ADMINISTRACAO DIRETA,235881,MINISTERIO DA JUSTICA E SEGURANCA PUBLICA,324,POLICIA FEDERAL,1142,SUPERINTENDENCIA REGIONAL DE POLICIA FEDERAL NO CEARA,2020,2,1444625.6
3,ADMINISTRACAO DIRETA,235881,MINISTERIO DA JUSTICA E SEGURANCA PUBLICA,324,POLICIA FEDERAL,1142,SUPERINTENDENCIA REGIONAL DE POLICIA FEDERAL NO CEARA,2020,4,1442794.15
3,ADMINISTRACAO DIRETA,235881,MINISTERIO DA JUSTICA E SEGURANCA PUBLICA,324,POLICIA FEDERAL,1142,SUPERINTENDENCIA REGIONAL DE POLICIA FEDERAL NO CEARA,2020,3,1443423.09
3,ADMINISTRACAO DIRETA,235881,MINISTERIO DA JUSTICA E SEGURANCA PUBLICA,324,POLICIA FEDERAL,1142,SUPERINTENDENCIA REGIONAL DE POLICIA FEDERAL NO CEARA,2020,5,1442794.15
3,ADMINISTRACAO DIRETA,235881,MINISTERIO DA JUSTICA E SEGURANCA PUBLICA,324,POLICIA FEDERAL,1142,SUPERINTENDENCIA REGIONAL DE POLICIA FEDERAL NO CEARA,2020,1,1437388.54
3,ADMINISTRACAO DIRETA,235881,MINISTERIO DA JUSTICA E SEGURANCA PUBLICA,324,POLICIA FEDERAL,1143,SUPERINTENDENCIA REGIONAL DE POLICIA FEDERAL EM MATO GROSSO,2020,3,295517.25
3,ADMINISTRACAO DIRETA,235881,MINISTERIO DA JUSTICA E SEGURANCA PUBLICA,324,POLICIA FEDERAL,1143,SUPERINTENDENCIA REGIONAL DE POLICIA FEDERAL EM MATO GROSSO,2020,4,289694.43
3,ADMINISTRACAO DIRETA,235881,MINISTERIO DA JUSTICA E SEGURANCA PUBLICA,324,POLICIA FEDERAL,1143,SUPERINTENDENCIA REGIONAL DE POLICIA FEDERAL EM MATO GROSSO,2020,5,289694.43
3,ADMINISTRACAO DIRETA,235881,MINISTERIO DA JUSTICA E SEGURANCA PUBLICA,324,POLICIA FEDERAL,1143,SUPERINTENDENCIA REGIONAL DE POLICIA FEDERAL EM MATO GROSSO,2020,1,295517.25
3,ADMINISTRACAO DIRETA,235881,MINISTERIO DA JUSTICA E SEGURANCA PUBLICA,324,POLICIA FEDERAL,1143,SUPERINTENDENCIA REGIONAL DE POLICIA FEDERAL EM MATO GROSSO,2020,2,295517.25
3,ADMINISTRACAO DIRETA,235881,MINISTERIO DA JUSTICA E SEGURANCA PUBLICA,324,POLICIA FEDERAL,1144,SUPERINTENDENCIA REGIONAL DE POLICIA FEDERAL EM MATO GROSSO DO SUL,2020,1,848630.82
3,ADMINISTRACAO DIRETA,304,MINISTERIO DA SAUDE,3273,SECRETARIA-EXECUTIVA,39061,NUCLEO ESTADUAL DE RORAIMA,2015,11,37783.02
3,ADMINISTRACAO DIRETA,304,MINISTERIO DA SAUDE,3273,SECRETARIA-EXECUTIVA,39061,NUCLEO ESTADUAL DE RORAIMA,2015,2,36292.67
2,FUNDACAO PUBLICA,244,MINISTERIO DA EDUCACAO,465,FUNDACAO UNIVERSIDADE DO AMAZONAS,37855,HOSPITAL UNIVERSITARIO GETULIO VARGAS,2018,11,112598.45
3,ADMINISTRACAO DIRETA,235881,MINISTERIO DA JUSTICA E SEGURANCA PUBLICA,704,POLICIA RODOVIARIA FEDERAL,2824,SUPERINTENDENCIA DA POLICIA RODOVIARIA FEDERAL NO MATO GROSSO,2020,10,606135.08
3,ADMINISTRACAO DIRETA,235881,MINISTERIO DA JUSTICA E SEGURANCA PUBLICA,704,POLICIA RODOVIARIA FEDERAL,2824,SUPERINTENDENCIA DA POLICIA RODOVIARIA FEDERAL NO MATO GROSSO,2020,12,593063.53
2,FUNDACAO PUBLICA,304,MINISTERIO DA SAUDE,315,FUNDACAO OSWALDO CRUZ,6126,INSTITUTO DE PESQUISA CLINICA EVANDRO CHAGAS,2015,11,187412.79
2,FUNDACAO PUBLICA,304,MINISTERIO DA SAUDE,315,FUNDACAO OSWALDO CRUZ,6126,INSTITUTO DE PESQUISA CLINICA EVANDRO CHAGAS,2015,12,187412.79
2,FUNDACAO PUBLICA,304,MINISTERIO DA SAUDE,2207,FUNDACAO NACIONAL DE SAUDE,7483,SUPERINTENDENCIA ESTADUAL NO PARANA,2017,4,1291063.07
2,FUNDACAO PUBLICA,304,MINISTERIO DA SAUDE,2207,FUNDACAO NACIONAL DE SAUDE,7483,SUPERINTENDENCIA ESTADUAL NO PARANA,2017,12,1290129.81
2,FUNDACAO PUBLICA,304,MINISTERIO DA SAUDE,2207,FUNDACAO NACIONAL DE SAUDE,7483,SUPERINTENDENCIA ESTADUAL NO PARANA,2018,2,1348345.76
2,FUNDACAO PUBLICA,304,MINISTERIO DA SAUDE,2207,FUNDACAO NACIONAL DE SAUDE,7483,SUPERINTENDENCIA ESTADUAL NO PARANA,2018,12,1324780.96
2,FUNDACAO PUBLICA,304,MINISTERIO DA SAUDE,2207,FUNDACAO NACIONAL DE SAUDE,7483,SUPERINTENDENCIA ESTADUAL NO PARANA,2018,1,1314740.09
2,FUNDACAO PUBLICA,304,MINISTERIO DA SAUDE,2207,FUNDACAO NACIONAL DE SAUDE,7483,SUPERINTENDENCIA ESTADUAL NO PARANA,2018,11,1322094.72
2,FUNDACAO PUBLICA,304,MINISTERIO DA SAUDE,2207,FUNDACAO NACIONAL DE SAUDE,7483,SUPERINTENDENCIA ESTADUAL NO PARANA,2018,6,1317820.13
2,FUNDACAO PUBLICA,304,MINISTERIO DA SAUDE,2207,FUNDACAO NACIONAL DE SAUDE,7483,SUPERINTENDENCIA ESTADUAL NO PARANA,2018,7,1311467.93
2,FUNDACAO PUBLICA,304,MINISTERIO DA SAUDE,2207,FUNDACAO NACIONAL DE SAUDE,7483,SUPERINTENDENCIA ESTADUAL NO PARANA,2018,9,1311342.29
2,FUNDACAO PUBLICA,304,MINISTERIO DA SAUDE,2207,FUNDACAO NACIONAL DE SAUDE,7483,SUPERINTENDENCIA ESTADUAL NO PARANA,2018,10,1320171.5
2,FUNDACAO PUBLICA,304,MINISTERIO DA SAUDE,2207,FUNDACAO NACIONAL DE SAUDE,7483,SUPERINTENDENCIA ESTADUAL NO PARANA,2018,4,1316991.3
2,FUNDACAO PUBLICA,304,MINISTERIO DA SAUDE,2207,FUNDACAO NACIONAL DE SAUDE,7483,SUPERINTENDENCIA ESTADUAL NO PARANA,2018,8,1316168.7
2,FUNDACAO PUBLICA,304,MINISTERIO DA SAUDE,2207,FUNDACAO NACIONAL DE SAUDE,7483,SUPERINTENDENCIA ESTADUAL NO PARANA,2018,5,1328504.49
2,FUNDACAO PUBLICA,304,MINISTERIO DA SAUDE,2207,FUNDACAO NACIONAL DE SAUDE,7483,SUPERINTENDENCIA ESTADUAL NO PARANA,2018,3,1335232.77
4,AUTARQUIA,14,"MINISTERIO DA AGRICULTURA, PECUARIA E ABASTECIMENTO",1799,INSTITUTO NACIONAL DE COLONIZACAO E REFORMA AGRARIA,4037,SUPERINTENDENCIA REGIONAL NO ESTADO DO MARANHAO,2020,1,701785.71
4,AUTARQUIA,14,"MINISTERIO DA AGRICULTURA, PECUARIA E ABASTECIMENTO",1799,INSTITUTO NACIONAL DE COLONIZACAO E REFORMA AGRARIA,4037,SUPERINTENDENCIA REGIONAL NO ESTADO DO MARANHAO,2020,3,692549.19
4,AUTARQUIA,14,"MINISTERIO DA AGRICULTURA, PECUARIA E ABASTECIMENTO",1799,INSTITUTO NACIONAL DE COLONIZACAO E REFORMA AGRARIA,4037,SUPERINTENDENCIA REGIONAL NO ESTADO DO MARANHAO,2020,2,697957.97
4,AUTARQUIA,14,"MINISTERIO DA AGRICULTURA, PECUARIA E ABASTECIMENTO",1799,INSTITUTO NACIONAL DE COLONIZACAO E REFORMA AGRARIA,4037,SUPERINTENDENCIA REGIONAL NO ESTADO DO MARANHAO,2020,4,699192.79
4,AUTARQUIA,267175,"MINISTERIO DA CIENCIA, TECNOLOGIA E INOVACOES",223,COMISSAO NACIONAL DE ENERGIA NUCLEAR,4897,DIRETORIA DE PESQUISA E DESENVOLVIMENTO,2020,9,2434348.92
4,AUTARQUIA,267175,"MINISTERIO DA CIENCIA, TECNOLOGIA E INOVACOES",223,COMISSAO NACIONAL DE ENERGIA NUCLEAR,4897,DIRETORIA DE PESQUISA E DESENVOLVIMENTO,2020,6,2351157.36
4,AUTARQUIA,267175,"MINISTERIO DA CIENCIA, TECNOLOGIA E INOVACOES",223,COMISSAO NACIONAL DE ENERGIA NUCLEAR,4897,DIRETORIA DE PESQUISA E DESENVOLVIMENTO,2020,2,2305069.16
4,AUTARQUIA,267175,"MINISTERIO DA CIENCIA, TECNOLOGIA E INOVACOES",223,COMISSAO NACIONAL DE ENERGIA NUCLEAR,4897,DIRETORIA DE PESQUISA E DESENVOLVIMENTO,2020,11,2427949.02
4,AUTARQUIA,267175,"MINISTERIO DA CIENCIA, TECNOLOGIA E INOVACOES",223,COMISSAO NACIONAL DE ENERGIA NUCLEAR,4897,DIRETORIA DE PESQUISA E DESENVOLVIMENTO,2020,7,2366414.11
4,AUTARQUIA,267175,"MINISTERIO DA CIENCIA, TECNOLOGIA E INOVACOES",223,COMISSAO NACIONAL DE ENERGIA NUCLEAR,4897,DIRETORIA DE PESQUISA E DESENVOLVIMENTO,2020,1,2228691.47
4,AUTARQUIA,267175,"MINISTERIO DA CIENCIA, TECNOLOGIA E INOVACOES",223,COMISSAO NACIONAL DE ENERGIA NUCLEAR,4897,DIRETORIA DE PESQUISA E DESENVOLVIMENTO,2020,12,2435178.75
2,FUNDACAO PUBLICA,304,MINISTERIO DA SAUDE,2207,FUNDACAO NACIONAL DE SAUDE,7484,SUPERINTENDENCIA ESTADUAL DO RIO DE JANEIRO,2015,3,7372594.29
2,FUNDACAO PUBLICA,304,MINISTERIO DA SAUDE,2207,FUNDACAO NACIONAL DE SAUDE,7484,SUPERINTENDENCIA ESTADUAL DO RIO DE JANEIRO,2015,1,7330881.6
2,FUNDACAO PUBLICA,304,MINISTERIO DA SAUDE,2207,FUNDACAO NACIONAL DE SAUDE,7484,SUPERINTENDENCIA ESTADUAL DO RIO DE JANEIRO,2015,2,7323240.24
2,FUNDACAO PUBLICA,304,MINISTERIO DA SAUDE,2207,FUNDACAO NACIONAL DE SAUDE,7484,SUPERINTENDENCIA ESTADUAL DO RIO DE JANEIRO,2015,4,7339612.93
2,FUNDACAO PUBLICA,304,MINISTERIO DA SAUDE,2207,FUNDACAO NACIONAL DE SAUDE,7484,SUPERINTENDENCIA ESTADUAL DO RIO DE JANEIRO,2015,10,7207330.42
2,FUNDACAO PUBLICA,304,MINISTERIO DA SAUDE,2207,FUNDACAO NACIONAL DE SAUDE,7484,SUPERINTENDENCIA ESTADUAL DO RIO DE JANEIRO,2015,7,7274075.54
2,FUNDACAO PUBLICA,304,MINISTERIO DA SAUDE,2207,FUNDACAO NACIONAL DE SAUDE,7484,SUPERINTENDENCIA ESTADUAL DO RIO DE JANEIRO,2015,5,7346916.49
2,FUNDACAO PUBLICA,304,MINISTERIO DA SAUDE,2207,FUNDACAO NACIONAL DE SAUDE,7484,SUPERINTENDENCIA ESTADUAL DO RIO DE JANEIRO,2015,12,7146449.69
2,FUNDACAO PUBLICA,304,MINISTERIO DA SAUDE,2207,FUNDACAO NACIONAL DE SAUDE,7484,SUPERINTENDENCIA ESTADUAL DO RIO DE JANEIRO,2015,8,7269063.41
2,FUNDACAO PUBLICA,304,MINISTERIO DA SAUDE,2207,FUNDACAO NACIONAL DE SAUDE,7484,SUPERINTENDENCIA ESTADUAL DO RIO DE JANEIRO,2015,9,7248534.92
2,FUNDACAO PUBLICA,304,MINISTERIO DA SAUDE,2207,FUNDACAO NACIONAL DE SAUDE,7484,SUPERINTENDENCIA ESTADUAL DO RIO DE JANEIRO,2015,11,7195558.84
2,FUNDACAO PUBLICA,304,MINISTERIO DA SAUDE,2207,FUNDACAO NACIONAL DE SAUDE,7484,SUPERINTENDENCIA ESTADUAL DO RIO DE JANEIRO,2015,6,7331315.58
2,FUNDACAO PUBLICA,304,MINISTERIO DA SAUDE,2207,FUNDACAO NACIONAL DE SAUDE,7484,SUPERINTENDENCIA ESTADUAL DO RIO DE JANEIRO,2016,11,7775855.32
2,FUNDACAO PUBLICA,304,MINISTERIO DA SAUDE,2207,FUNDACAO NACIONAL DE SAUDE,7484,SUPERINTENDENCIA ESTADUAL DO RIO DE JANEIRO,2016,4,7439359.49
3,ADMINISTRACAO DIRETA,316,MINISTERIO DA JUSTICA E CIDADANIA,704,DEPARTAMENTO DE POLICIA RODOVIARIA FEDERAL,13428,SUPERINTENDENCIA REGIONAL POLICIA RODOVIARIA FEDERAL NO DISTRITO FEDERAL,2016,7,83399.67
3,ADMINISTRACAO DIRETA,316,MINISTERIO DA JUSTICA E CIDADANIA,704,DEPARTAMENTO DE POLICIA RODOVIARIA FEDERAL,13428,SUPERINTENDENCIA REGIONAL POLICIA RODOVIARIA FEDERAL NO DISTRITO FEDERAL,2016,5,83399.67
3,ADMINISTRACAO DIRETA,316,MINISTERIO DA JUSTICA E CIDADANIA,704,DEPARTAMENTO DE POLICIA RODOVIARIA FEDERAL,13428,SUPERINTENDENCIA REGIONAL POLICIA RODOVIARIA FEDERAL NO DISTRITO FEDERAL,2016,8,83399.67
3,ADMINISTRACAO DIRETA,316,MINISTERIO DA JUSTICA E CIDADANIA,704,DEPARTAMENTO DE POLICIA RODOVIARIA FEDERAL,13428,SUPERINTENDENCIA REGIONAL POLICIA RODOVIARIA FEDERAL NO DISTRITO FEDERAL,2016,12,101202.03
3,ADMINISTRACAO DIRETA,316,MINISTERIO DA JUSTICA E CIDADANIA,704,DEPARTAMENTO DE POLICIA RODOVIARIA FEDERAL,13428,SUPERINTENDENCIA REGIONAL POLICIA RODOVIARIA FEDERAL NO DISTRITO FEDERAL,2016,4,83399.67
3,ADMINISTRACAO DIRETA,316,MINISTERIO DA JUSTICA E CIDADANIA,704,DEPARTAMENTO DE POLICIA RODOVIARIA FEDERAL,13428,SUPERINTENDENCIA REGIONAL POLICIA RODOVIARIA FEDERAL NO DISTRITO FEDERAL,2016,10,77537.37
3,ADMINISTRACAO DIRETA,316,MINISTERIO DA JUSTICA E CIDADANIA,704,DEPARTAMENTO DE POLICIA RODOVIARIA FEDERAL,13428,SUPERINTENDENCIA REGIONAL POLICIA RODOVIARIA FEDERAL NO DISTRITO FEDERAL,2016,9,83399.67
3,ADMINISTRACAO DIRETA,316,MINISTERIO DA JUSTICA E CIDADANIA,704,DEPARTAMENTO DE POLICIA RODOVIARIA FEDERAL,13428,SUPERINTENDENCIA REGIONAL POLICIA RODOVIARIA FEDERAL NO DISTRITO FEDERAL,2016,11,77393.72
3,ADMINISTRACAO DIRETA,316,MINISTERIO DA JUSTICA E SEGURANCA PUBLICA,704,DEPARTAMENTO DE POLICIA RODOVIARIA FEDERAL,13428,SUPERINTENDENCIA REGIONAL POLICIA RODOVIARIA FEDERAL NO DISTRITO FEDERAL,2017,12,95858.91
3,ADMINISTRACAO DIRETA,316,MINISTERIO DA JUSTICA E SEGURANCA PUBLICA,704,DEPARTAMENTO DE POLICIA RODOVIARIA FEDERAL,13428,SUPERINTENDENCIA REGIONAL POLICIA RODOVIARIA FEDERAL NO DISTRITO FEDERAL,2017,7,95858.91
3,ADMINISTRACAO DIRETA,316,MINISTERIO DA JUSTICA E SEGURANCA PUBLICA,704,DEPARTAMENTO DE POLICIA RODOVIARIA FEDERAL,13428,SUPERINTENDENCIA REGIONAL POLICIA RODOVIARIA FEDERAL NO DISTRITO FEDERAL,2017,5,95858.91
3,ADMINISTRACAO DIRETA,316,MINISTERIO DA JUSTICA E SEGURANCA PUBLICA,704,DEPARTAMENTO DE POLICIA RODOVIARIA FEDERAL,13428,SUPERINTENDENCIA REGIONAL POLICIA RODOVIARIA FEDERAL NO DISTRITO FEDERAL,2017,10,97253.63
3,ADMINISTRACAO DIRETA,316,MINISTERIO DA JUSTICA E SEGURANCA PUBLICA,704,DEPARTAMENTO DE POLICIA RODOVIARIA FEDERAL,13428,SUPERINTENDENCIA REGIONAL POLICIA RODOVIARIA FEDERAL NO DISTRITO FEDERAL,2017,3,95858.91
3,ADMINISTRACAO DIRETA,316,MINISTERIO DA JUSTICA E SEGURANCA PUBLICA,704,DEPARTAMENTO DE POLICIA RODOVIARIA FEDERAL,13428,SUPERINTENDENCIA REGIONAL POLICIA RODOVIARIA FEDERAL NO DISTRITO FEDERAL,2017,6,95858.91
3,ADMINISTRACAO DIRETA,316,MINISTERIO DA JUSTICA E SEGURANCA PUBLICA,704,DEPARTAMENTO DE POLICIA RODOVIARIA FEDERAL,13428,SUPERINTENDENCIA REGIONAL POLICIA RODOVIARIA FEDERAL NO DISTRITO FEDERAL,2017,8,95858.91
3,ADMINISTRACAO DIRETA,316,MINISTERIO DA JUSTICA E SEGURANCA PUBLICA,704,DEPARTAMENTO DE POLICIA RODOVIARIA FEDERAL,13428,SUPERINTENDENCIA REGIONAL POLICIA RODOVIARIA FEDERAL NO DISTRITO FEDERAL,2017,11,95858.91
3,ADMINISTRACAO DIRETA,316,MINISTERIO DA JUSTICA E SEGURANCA PUBLICA,704,DEPARTAMENTO DE POLICIA RODOVIARIA FEDERAL,13428,SUPERINTENDENCIA REGIONAL POLICIA RODOVIARIA FEDERAL NO DISTRITO FEDERAL,2017,1,95858.91
3,ADMINISTRACAO DIRETA,316,MINISTERIO DA JUSTICA E SEGURANCA PUBLICA,704,DEPARTAMENTO DE POLICIA RODOVIARIA FEDERAL,13428,SUPERINTENDENCIA REGIONAL POLICIA RODOVIARIA FEDERAL NO DISTRITO FEDERAL,2017,4,95858.91
3,ADMINISTRACAO DIRETA,316,MINISTERIO DA JUSTICA E SEGURANCA PUBLICA,704,DEPARTAMENTO DE POLICIA RODOVIARIA FEDERAL,13428,SUPERINTENDENCIA REGIONAL POLICIA RODOVIARIA FEDERAL NO DISTRITO FEDERAL,2017,9,94464.2
3,ADMINISTRACAO DIRETA,316,MINISTERIO DA JUSTICA E SEGURANCA PUBLICA,704,DEPARTAMENTO DE POLICIA RODOVIARIA FEDERAL,13428,SUPERINTENDENCIA REGIONAL POLICIA RODOVIARIA FEDERAL NO DISTRITO FEDERAL,2017,2,95858.91
3,ADMINISTRACAO DIRETA,226241,MINISTERIO DA SEGURANCA PUBLICA,704,DEPARTAMENTO DE POLICIA RODOVIARIA FEDERAL,13428,SUPERINTENDENCIA REGIONAL POLICIA RODOVIARIA FEDERAL NO DISTRITO FEDERAL,2018,9,99175.12
3,ADMINISTRACAO DIRETA,226241,MINISTERIO DA SEGURANCA PUBLICA,704,DEPARTAMENTO DE POLICIA RODOVIARIA FEDERAL,13428,SUPERINTENDENCIA REGIONAL POLICIA RODOVIARIA FEDERAL NO DISTRITO FEDERAL,2018,11,86264.12
3,ADMINISTRACAO DIRETA,226241,MINISTERIO DA SEGURANCA PUBLICA,704,DEPARTAMENTO DE POLICIA RODOVIARIA FEDERAL,13428,SUPERINTENDENCIA REGIONAL POLICIA RODOVIARIA FEDERAL NO DISTRITO FEDERAL,2018,5,99175.12
3,ADMINISTRACAO DIRETA,226241,MINISTERIO DA SEGURANCA PUBLICA,704,DEPARTAMENTO DE POLICIA RODOVIARIA FEDERAL,13428,SUPERINTENDENCIA REGIONAL POLICIA RODOVIARIA FEDERAL NO DISTRITO FEDERAL,2018,7,99175.12
3,ADMINISTRACAO DIRETA,226241,MINISTERIO DA SEGURANCA PUBLICA,704,DEPARTAMENTO DE POLICIA RODOVIARIA FEDERAL,13428,SUPERINTENDENCIA REGIONAL POLICIA RODOVIARIA FEDERAL NO DISTRITO FEDERAL,2018,1,99175.12
3,ADMINISTRACAO DIRETA,226241,MINISTERIO DA SEGURANCA PUBLICA,704,DEPARTAMENTO DE POLICIA RODOVIARIA FEDERAL,13428,SUPERINTENDENCIA REGIONAL POLICIA RODOVIARIA FEDERAL NO DISTRITO FEDERAL,2018,3,102591.7
3,ADMINISTRACAO DIRETA,226241,MINISTERIO DA SEGURANCA PUBLICA,704,DEPARTAMENTO DE POLICIA RODOVIARIA FEDERAL,13428,SUPERINTENDENCIA REGIONAL POLICIA RODOVIARIA FEDERAL NO DISTRITO FEDERAL,2018,12,112086.11
3,ADMINISTRACAO DIRETA,226241,MINISTERIO DA SEGURANCA PUBLICA,704,DEPARTAMENTO DE POLICIA RODOVIARIA FEDERAL,13428,SUPERINTENDENCIA REGIONAL POLICIA RODOVIARIA FEDERAL NO DISTRITO FEDERAL,2018,8,99175.12
3,ADMINISTRACAO DIRETA,2852,MINISTERIO DE MINAS E ENERGIA,3245,SECRETARIA-EXECUTIVA,8932,"SUBSECRETARIA DE PLANEJAMENTO, ORCAMENTO E ADMINISTRACAO",2016,4,3373954.98
3,ADMINISTRACAO DIRETA,2852,MINISTERIO DE MINAS E ENERGIA,3245,SECRETARIA-EXECUTIVA,8932,"SUBSECRETARIA DE PLANEJAMENTO, ORCAMENTO E ADMINISTRACAO",2016,2,3393239.1
3,ADMINISTRACAO DIRETA,2852,MINISTERIO DE MINAS E ENERGIA,3245,SECRETARIA-EXECUTIVA,8932,"SUBSECRETARIA DE PLANEJAMENTO, ORCAMENTO E ADMINISTRACAO",2016,9,3509695.31
3,ADMINISTRACAO DIRETA,2852,MINISTERIO DE MINAS E ENERGIA,3245,SECRETARIA-EXECUTIVA,8932,"SUBSECRETARIA DE PLANEJAMENTO, ORCAMENTO E ADMINISTRACAO",2017,10,3591814.3
3,ADMINISTRACAO DIRETA,2852,MINISTERIO DE MINAS E ENERGIA,3245,SECRETARIA-EXECUTIVA,8932,"SUBSECRETARIA DE PLANEJAMENTO, ORCAMENTO E ADMINISTRACAO",2017,7,3550120.52
3,ADMINISTRACAO DIRETA,2852,MINISTERIO DE MINAS E ENERGIA,3245,SECRETARIA-EXECUTIVA,8932,"SUBSECRETARIA DE PLANEJAMENTO, ORCAMENTO E ADMINISTRACAO",2017,11,3644868.69
3,ADMINISTRACAO DIRETA,2852,MINISTERIO DE MINAS E ENERGIA,3245,SECRETARIA-EXECUTIVA,8932,"SUBSECRETARIA DE PLANEJAMENTO, ORCAMENTO E ADMINISTRACAO",2017,4,3700672.31
3,ADMINISTRACAO DIRETA,2852,MINISTERIO DE MINAS E ENERGIA,3245,SECRETARIA-EXECUTIVA,8932,"SUBSECRETARIA DE PLANEJAMENTO, ORCAMENTO E ADMINISTRACAO",2017,1,3666090.22
3,ADMINISTRACAO DIRETA,2852,MINISTERIO DE MINAS E ENERGIA,3245,SECRETARIA-EXECUTIVA,8932,"SUBSECRETARIA DE PLANEJAMENTO, ORCAMENTO E ADMINISTRACAO",2017,8,3575332.71
3,ADMINISTRACAO DIRETA,2852,MINISTERIO DE MINAS E ENERGIA,3245,SECRETARIA-EXECUTIVA,8932,"SUBSECRETARIA DE PLANEJAMENTO, ORCAMENTO E ADMINISTRACAO",2017,2,3696275.63
3,ADMINISTRACAO DIRETA,2852,MINISTERIO DE MINAS E ENERGIA,3245,SECRETARIA-EXECUTIVA,8932,"SUBSECRETARIA DE PLANEJAMENTO, ORCAMENTO E ADMINISTRACAO",2017,5,3691289.43
3,ADMINISTRACAO DIRETA,2852,MINISTERIO DE MINAS E ENERGIA,3245,SECRETARIA-EXECUTIVA,8932,"SUBSECRETARIA DE PLANEJAMENTO, ORCAMENTO E ADMINISTRACAO",2017,9,3617129.48
3,ADMINISTRACAO DIRETA,2852,MINISTERIO DE MINAS E ENERGIA,3245,SECRETARIA-EXECUTIVA,8932,"SUBSECRETARIA DE PLANEJAMENTO, ORCAMENTO E ADMINISTRACAO",2017,12,3640625.94
3,ADMINISTRACAO DIRETA,2852,MINISTERIO DE MINAS E ENERGIA,3245,SECRETARIA-EXECUTIVA,8932,"SUBSECRETARIA DE PLANEJAMENTO, ORCAMENTO E ADMINISTRACAO",2017,3,3689421.85
3,ADMINISTRACAO DIRETA,2852,MINISTERIO DE MINAS E ENERGIA,3245,SECRETARIA-EXECUTIVA,8932,"SUBSECRETARIA DE PLANEJAMENTO, ORCAMENTO E ADMINISTRACAO",2017,6,3497748.35
3,ADMINISTRACAO DIRETA,2852,MINISTERIO DE MINAS E ENERGIA,3245,SECRETARIA-EXECUTIVA,8932,"SUBSECRETARIA DE PLANEJAMENTO, ORCAMENTO E ADMINISTRACAO",2018,5,3681207.76
3,ADMINISTRACAO DIRETA,2852,MINISTERIO DE MINAS E ENERGIA,3245,SECRETARIA-EXECUTIVA,8932,"SUBSECRETARIA DE PLANEJAMENTO, ORCAMENTO E ADMINISTRACAO",2018,2,3662880.96
3,ADMINISTRACAO DIRETA,2852,MINISTERIO DE MINAS E ENERGIA,3245,SECRETARIA-EXECUTIVA,8932,"SUBSECRETARIA DE PLANEJAMENTO, ORCAMENTO E ADMINISTRACAO",2018,10,3643649.9
3,ADMINISTRACAO DIRETA,2852,MINISTERIO DE MINAS E ENERGIA,3245,SECRETARIA-EXECUTIVA,8932,"SUBSECRETARIA DE PLANEJAMENTO, ORCAMENTO E ADMINISTRACAO",2018,4,3659063.44
3,ADMINISTRACAO DIRETA,2852,MINISTERIO DE MINAS E ENERGIA,3245,SECRETARIA-EXECUTIVA,8932,"SUBSECRETARIA DE PLANEJAMENTO, ORCAMENTO E ADMINISTRACAO",2018,12,3570599.63
3,ADMINISTRACAO DIRETA,2852,MINISTERIO DE MINAS E ENERGIA,3245,SECRETARIA-EXECUTIVA,8932,"SUBSECRETARIA DE PLANEJAMENTO, ORCAMENTO E ADMINISTRACAO",2018,7,3680314.0
3,ADMINISTRACAO DIRETA,2852,MINISTERIO DE MINAS E ENERGIA,3245,SECRETARIA-EXECUTIVA,8932,"SUBSECRETARIA DE PLANEJAMENTO, ORCAMENTO E ADMINISTRACAO",2018,6,3655351.76
3,ADMINISTRACAO DIRETA,2852,MINISTERIO DE MINAS E ENERGIA,3245,SECRETARIA-EXECUTIVA,8932,"SUBSECRETARIA DE PLANEJAMENTO, ORCAMENTO E ADMINISTRACAO",2018,1,3678279.83
3,ADMINISTRACAO DIRETA,2852,MINISTERIO DE MINAS E ENERGIA,3245,SECRETARIA-EXECUTIVA,8932,"SUBSECRETARIA DE PLANEJAMENTO, ORCAMENTO E ADMINISTRACAO",2018,9,3641513.46
3,ADMINISTRACAO DIRETA,2852,MINISTERIO DE MINAS E ENERGIA,3245,SECRETARIA-EXECUTIVA,8932,"SUBSECRETARIA DE PLANEJAMENTO, ORCAMENTO E ADMINISTRACAO",2018,11,3623773.69
3,ADMINISTRACAO DIRETA,2852,MINISTERIO DE MINAS E ENERGIA,3245,SECRETARIA-EXECUTIVA,8932,"SUBSECRETARIA DE PLANEJAMENTO, ORCAMENTO E ADMINISTRACAO",2018,8,3663629.56
3,ADMINISTRACAO DIRETA,2852,MINISTERIO DE MINAS E ENERGIA,3245,SECRETARIA-EXECUTIVA,8932,"SUBSECRETARIA DE PLANEJAMENTO, ORCAMENTO E ADMINISTRACAO",2018,3,3662980.05
3,ADMINISTRACAO DIRETA,235881,MINISTERIO DA JUSTICA E SEGURANCA PUBLICA,324,POLICIA FEDERAL,1219,SUPERINTENDENCIA REGIONAL DE POLICIA FEDERAL EM PERNAMBUCO,2020,6,1402727.22
3,ADMINISTRACAO DIRETA,235881,MINISTERIO DA JUSTICA E SEGURANCA PUBLICA,324,POLICIA FEDERAL,1219,SUPERINTENDENCIA REGIONAL DE POLICIA FEDERAL EM PERNAMBUCO,2020,8,1440714.68
3,ADMINISTRACAO DIRETA,235881,MINISTERIO DA JUSTICA E SEGURANCA PUBLICA,324,POLICIA FEDERAL,1219,SUPERINTENDENCIA REGIONAL DE POLICIA FEDERAL EM PERNAMBUCO,2020,12,1478561.1
3,ADMINISTRACAO DIRETA,235881,MINISTERIO DA JUSTICA E SEGURANCA PUBLICA,324,POLICIA FEDERAL,1219,SUPERINTENDENCIA REGIONAL DE POLICIA FEDERAL EM PERNAMBUCO,2020,10,1424038.84
3,ADMINISTRACAO DIRETA,235881,MINISTERIO DA JUSTICA E SEGURANCA PUBLICA,324,POLICIA FEDERAL,1219,SUPERINTENDENCIA REGIONAL DE POLICIA FEDERAL EM PERNAMBUCO,2020,9,1450009.49
3,ADMINISTRACAO DIRETA,235881,MINISTERIO DA JUSTICA E SEGURANCA PUBLICA,324,POLICIA FEDERAL,1219,SUPERINTENDENCIA REGIONAL DE POLICIA FEDERAL EM PERNAMBUCO,2020,5,1401873.95
3,ADMINISTRACAO DIRETA,235881,MINISTERIO DA JUSTICA E SEGURANCA PUBLICA,324,POLICIA FEDERAL,1219,SUPERINTENDENCIA REGIONAL DE POLICIA FEDERAL EM PERNAMBUCO,2021,2,1449574.83
3,ADMINISTRACAO DIRETA,235881,MINISTERIO DA JUSTICA E SEGURANCA PUBLICA,324,POLICIA FEDERAL,1219,SUPERINTENDENCIA REGIONAL DE POLICIA FEDERAL EM PERNAMBUCO,2021,1,1458437.35
3,ADMINISTRACAO DIRETA,235881,MINISTERIO DA JUSTICA E SEGURANCA PUBLICA,324,POLICIA FEDERAL,1220,SUPERINTENDENCIA REGIONAL DE POLICIA FEDERAL EM GOIAS,2020,3,1452094.52
2,FUNDACAO PUBLICA,304,MINISTERIO DA SAUDE,315,FUNDACAO OSWALDO CRUZ,6126,INSTITUTO DE PESQUISA CLINICA EVANDRO CHAGAS,2015,10,187412.79
2,FUNDACAO PUBLICA,304,MINISTERIO DA SAUDE,315,FUNDACAO OSWALDO CRUZ,6126,INSTITUTO DE PESQUISA CLINICA EVANDRO CHAGAS,2015,9,187412.79
2,FUNDACAO PUBLICA,304,MINISTERIO DA SAUDE,315,FUNDACAO OSWALDO CRUZ,6126,INSTITUTO DE PESQUISA CLINICA EVANDRO CHAGAS,2016,8,207250.83
2,FUNDACAO PUBLICA,304,MINISTERIO DA SAUDE,315,FUNDACAO OSWALDO CRUZ,6126,INSTITUTO DE PESQUISA CLINICA EVANDRO CHAGAS,2016,1,199615.38
2,FUNDACAO PUBLICA,304,MINISTERIO DA SAUDE,315,FUNDACAO OSWALDO CRUZ,6126,INSTITUTO DE PESQUISA CLINICA EVANDRO CHAGAS,2016,12,207250.83
2,FUNDACAO PUBLICA,304,MINISTERIO DA SAUDE,315,FUNDACAO OSWALDO CRUZ,6126,INSTITUTO DE PESQUISA CLINICA EVANDRO CHAGAS,2016,4,205060.28
2,FUNDACAO PUBLICA,304,MINISTERIO DA SAUDE,315,FUNDACAO OSWALDO CRUZ,6126,INSTITUTO DE PESQUISA CLINICA EVANDRO CHAGAS,2016,7,205060.28
2,FUNDACAO PUBLICA,304,MINISTERIO DA SAUDE,315,FUNDACAO OSWALDO CRUZ,6126,INSTITUTO DE PESQUISA CLINICA EVANDRO CHAGAS,2016,10,207250.83
2,FUNDACAO PUBLICA,304,MINISTERIO DA SAUDE,315,FUNDACAO OSWALDO CRUZ,6126,INSTITUTO DE PESQUISA CLINICA EVANDRO CHAGAS,2016,3,205060.28
2,FUNDACAO PUBLICA,304,MINISTERIO DA SAUDE,315,FUNDACAO OSWALDO CRUZ,6126,INSTITUTO DE PESQUISA CLINICA EVANDRO CHAGAS,2016,11,207250.83
2,FUNDACAO PUBLICA,304,MINISTERIO DA SAUDE,315,FUNDACAO OSWALDO CRUZ,6126,INSTITUTO DE PESQUISA CLINICA EVANDRO CHAGAS,2016,9,207250.83
2,FUNDACAO PUBLICA,304,MINISTERIO DA SAUDE,315,FUNDACAO OSWALDO CRUZ,6126,INSTITUTO DE PESQUISA CLINICA EVANDRO CHAGAS,2016,2,209970.23
2,FUNDACAO PUBLICA,304,MINISTERIO DA SAUDE,315,FUNDACAO OSWALDO CRUZ,6126,INSTITUTO DE PESQUISA CLINICA EVANDRO CHAGAS,2016,5,205060.28
2,FUNDACAO PUBLICA,304,MINISTERIO DA SAUDE,315,FUNDACAO OSWALDO CRUZ,6126,INSTITUTO NACIONAL DE INFECTOLOGIA EVANDRO CHAGAS,2017,10,240351.06
2,FUNDACAO PUBLICA,304,MINISTERIO DA SAUDE,315,FUNDACAO OSWALDO CRUZ,6126,INSTITUTO NACIONAL DE INFECTOLOGIA EVANDRO CHAGAS,2017,5,218957.48
2,FUNDACAO PUBLICA,304,MINISTERIO DA SAUDE,315,FUNDACAO OSWALDO CRUZ,6078,INSTITUTO RENE RACHOU,2020,5,218066.74
2,FUNDACAO PUBLICA,304,MINISTERIO DA SAUDE,315,FUNDACAO OSWALDO CRUZ,6079,INSTITUTO AGGEU MAGALHAES,2020,5,194129.54
2,FUNDACAO PUBLICA,304,MINISTERIO DA SAUDE,315,FUNDACAO OSWALDO CRUZ,6079,INSTITUTO AGGEU MAGALHAES,2020,4,200821.25
2,FUNDACAO PUBLICA,304,MINISTERIO DA SAUDE,315,FUNDACAO OSWALDO CRUZ,6080,INSTITUTO GONCALO MONIZ,2020,5,90073.13
2,FUNDACAO PUBLICA,304,MINISTERIO DA SAUDE,315,FUNDACAO OSWALDO CRUZ,6080,INSTITUTO GONCALO MONIZ,2020,4,90073.13
2,FUNDACAO PUBLICA,304,MINISTERIO DA SAUDE,315,FUNDACAO OSWALDO CRUZ,6126,INSTITUTO NACIONAL DE INFECTOLOGIA EVANDRO CHAGAS,2020,3,338087.26
2,FUNDACAO PUBLICA,304,MINISTERIO DA SAUDE,315,FUNDACAO OSWALDO CRUZ,6126,INSTITUTO NACIONAL DE INFECTOLOGIA EVANDRO CHAGAS,2020,11,356138.23
2,FUNDACAO PUBLICA,304,MINISTERIO DA SAUDE,315,FUNDACAO OSWALDO CRUZ,6126,INSTITUTO NACIONAL DE INFECTOLOGIA EVANDRO CHAGAS,2020,12,356138.23
2,FUNDACAO PUBLICA,304,MINISTERIO DA SAUDE,315,FUNDACAO OSWALDO CRUZ,6126,INSTITUTO NACIONAL DE INFECTOLOGIA EVANDRO CHAGAS,2020,4,351779.45
2,FUNDACAO PUBLICA,304,MINISTERIO DA SAUDE,315,FUNDACAO OSWALDO CRUZ,6126,INSTITUTO NACIONAL DE INFECTOLOGIA EVANDRO CHAGAS,2020,10,356138.23
2,FUNDACAO PUBLICA,304,MINISTERIO DA SAUDE,315,FUNDACAO OSWALDO CRUZ,6126,INSTITUTO NACIONAL DE INFECTOLOGIA EVANDRO CHAGAS,2020,5,346484.86
2,FUNDACAO PUBLICA,304,MINISTERIO DA SAUDE,315,FUNDACAO OSWALDO CRUZ,6126,INSTITUTO NACIONAL DE INFECTOLOGIA EVANDRO CHAGAS,2020,7,344185.1
2,FUNDACAO PUBLICA,304,MINISTERIO DA SAUDE,315,FUNDACAO OSWALDO CRUZ,6126,INSTITUTO NACIONAL DE INFECTOLOGIA EVANDRO CHAGAS,2020,1,325004.65
2,FUNDACAO PUBLICA,304,MINISTERIO DA SAUDE,315,FUNDACAO OSWALDO CRUZ,6126,INSTITUTO NACIONAL DE INFECTOLOGIA EVANDRO CHAGAS,2020,6,339904.37
2,FUNDACAO PUBLICA,304,MINISTERIO DA SAUDE,315,FUNDACAO OSWALDO CRUZ,6126,INSTITUTO NACIONAL DE INFECTOLOGIA EVANDRO CHAGAS,2020,9,369448.64
3,ADMINISTRACAO DIRETA,226241,MINISTERIO DA SEGURANCA PUBLICA,704,DEPARTAMENTO DE POLICIA RODOVIARIA FEDERAL,13428,SUPERINTENDENCIA REGIONAL POLICIA RODOVIARIA FEDERAL NO DISTRITO FEDERAL,2018,4,99175.12
3,ADMINISTRACAO DIRETA,226241,MINISTERIO DA SEGURANCA PUBLICA,704,DEPARTAMENTO DE POLICIA RODOVIARIA FEDERAL,13428,SUPERINTENDENCIA REGIONAL POLICIA RODOVIARIA FEDERAL NO DISTRITO FEDERAL,2018,6,99175.12
3,ADMINISTRACAO DIRETA,226241,MINISTERIO DA SEGURANCA PUBLICA,704,DEPARTAMENTO DE POLICIA RODOVIARIA FEDERAL,13428,SUPERINTENDENCIA REGIONAL POLICIA RODOVIARIA FEDERAL NO DISTRITO FEDERAL,2018,2,95758.53
3,ADMINISTRACAO DIRETA,226241,MINISTERIO DA SEGURANCA PUBLICA,704,DEPARTAMENTO DE POLICIA RODOVIARIA FEDERAL,13428,SUPERINTENDENCIA REGIONAL POLICIA RODOVIARIA FEDERAL NO DISTRITO FEDERAL,2018,10,99175.12
2,FUNDACAO PUBLICA,304,MINISTERIO DA SAUDE,2207,FUNDACAO NACIONAL DE SAUDE,7482,SUPERINTENDENCIA ESTADUAL DO PARA,2020,2,3378390.88
2,FUNDACAO PUBLICA,304,MINISTERIO DA SAUDE,2207,FUNDACAO NACIONAL DE SAUDE,7482,SUPERINTENDENCIA ESTADUAL DO PARA,2021,1,3490617.11
2,FUNDACAO PUBLICA,304,MINISTERIO DA SAUDE,2207,FUNDACAO NACIONAL DE SAUDE,7482,SUPERINTENDENCIA ESTADUAL DO PARA,2021,2,3502698.13
2,FUNDACAO PUBLICA,304,MINISTERIO DA SAUDE,2207,FUNDACAO NACIONAL DE SAUDE,7483,SUPERINTENDENCIA ESTADUAL NO PARANA,2020,7,1347420.29
2,FUNDACAO PUBLICA,304,MINISTERIO DA SAUDE,2207,FUNDACAO NACIONAL DE SAUDE,7483,SUPERINTENDENCIA ESTADUAL NO PARANA,2020,5,1375074.64
2,FUNDACAO PUBLICA,304,MINISTERIO DA SAUDE,2207,FUNDACAO NACIONAL DE SAUDE,7483,SUPERINTENDENCIA ESTADUAL NO PARANA,2020,4,1358191.4
2,FUNDACAO PUBLICA,304,MINISTERIO DA SAUDE,2207,FUNDACAO NACIONAL DE SAUDE,7483,SUPERINTENDENCIA ESTADUAL NO PARANA,2020,3,1337650.07
2,FUNDACAO PUBLICA,304,MINISTERIO DA SAUDE,2207,FUNDACAO NACIONAL DE SAUDE,7483,SUPERINTENDENCIA ESTADUAL NO PARANA,2020,11,1350668.05
2,FUNDACAO PUBLICA,304,MINISTERIO DA SAUDE,2207,FUNDACAO NACIONAL DE SAUDE,7483,SUPERINTENDENCIA ESTADUAL NO PARANA,2020,9,1351236.11
2,FUNDACAO PUBLICA,304,MINISTERIO DA SAUDE,2207,FUNDACAO NACIONAL DE SAUDE,7483,SUPERINTENDENCIA ESTADUAL NO PARANA,2020,8,1355563.24
2,FUNDACAO PUBLICA,304,MINISTERIO DA SAUDE,2207,FUNDACAO NACIONAL DE SAUDE,7483,SUPERINTENDENCIA ESTADUAL NO PARANA,2020,10,1351179.91
2,FUNDACAO PUBLICA,304,MINISTERIO DA SAUDE,2207,FUNDACAO NACIONAL DE SAUDE,7483,SUPERINTENDENCIA ESTADUAL NO PARANA,2020,1,1350888.13
2,FUNDACAO PUBLICA,304,MINISTERIO DA SAUDE,2207,FUNDACAO NACIONAL DE SAUDE,7483,SUPERINTENDENCIA ESTADUAL NO PARANA,2020,6,1353021.92
2,FUNDACAO PUBLICA,304,MINISTERIO DA SAUDE,2207,FUNDACAO NACIONAL DE SAUDE,7483,SUPERINTENDENCIA ESTADUAL NO PARANA,2020,2,1351882.7
3,ADMINISTRACAO DIRETA,316,MINISTERIO DA JUSTICA E CIDADANIA,704,DEPARTAMENTO DE POLICIA RODOVIARIA FEDERAL,14016,SUPERINTENDENCIA REGIONAL POLICIA RODOVIARIA FEDERAL NO AMAZONAS,2016,4,59863.41
3,ADMINISTRACAO DIRETA,316,MINISTERIO DA JUSTICA E CIDADANIA,704,DEPARTAMENTO DE POLICIA RODOVIARIA FEDERAL,14016,SUPERINTENDENCIA REGIONAL POLICIA RODOVIARIA FEDERAL NO AMAZONAS,2016,5,59863.41
3,ADMINISTRACAO DIRETA,316,MINISTERIO DA JUSTICA E CIDADANIA,704,DEPARTAMENTO DE POLICIA RODOVIARIA FEDERAL,14016,SUPERINTENDENCIA REGIONAL POLICIA RODOVIARIA FEDERAL NO AMAZONAS,2016,7,59863.41
3,ADMINISTRACAO DIRETA,316,MINISTERIO DA JUSTICA E CIDADANIA,704,DEPARTAMENTO DE POLICIA RODOVIARIA FEDERAL,14016,SUPERINTENDENCIA REGIONAL POLICIA RODOVIARIA FEDERAL NO AMAZONAS,2016,8,59863.41
3,ADMINISTRACAO DIRETA,316,MINISTERIO DA JUSTICA E CIDADANIA,704,DEPARTAMENTO DE POLICIA RODOVIARIA FEDERAL,14016,SUPERINTENDENCIA REGIONAL POLICIA RODOVIARIA FEDERAL NO AMAZONAS,2016,9,59863.41
3,ADMINISTRACAO DIRETA,316,MINISTERIO DA JUSTICA E CIDADANIA,704,DEPARTAMENTO DE POLICIA RODOVIARIA FEDERAL,14016,SUPERINTENDENCIA REGIONAL POLICIA RODOVIARIA FEDERAL NO AMAZONAS,2016,10,53251.78
3,ADMINISTRACAO DIRETA,316,MINISTERIO DA JUSTICA E CIDADANIA,704,DEPARTAMENTO DE POLICIA RODOVIARIA FEDERAL,14016,SUPERINTENDENCIA REGIONAL POLICIA RODOVIARIA FEDERAL NO AMAZONAS,2016,12,92442.7
3,ADMINISTRACAO DIRETA,316,MINISTERIO DA JUSTICA E CIDADANIA,704,DEPARTAMENTO DE POLICIA RODOVIARIA FEDERAL,14016,SUPERINTENDENCIA REGIONAL POLICIA RODOVIARIA FEDERAL NO AMAZONAS,2016,11,53251.77
3,ADMINISTRACAO DIRETA,316,MINISTERIO DA JUSTICA E SEGURANCA PUBLICA,704,DEPARTAMENTO DE POLICIA RODOVIARIA FEDERAL,14016,SUPERINTENDENCIA REGIONAL POLICIA RODOVIARIA FEDERAL NO AMAZONAS,2017,1,82490.99
2,FUNDACAO PUBLICA,304,MINISTERIO DA SAUDE,315,FUNDACAO OSWALDO CRUZ,6078,INSTITUTO RENE RACHOU,2020,4,163784.67
3,ADMINISTRACAO DIRETA,316,MINISTERIO DA JUSTICA E SEGURANCA PUBLICA,704,DEPARTAMENTO DE POLICIA RODOVIARIA FEDERAL,14016,SUPERINTENDENCIA REGIONAL POLICIA RODOVIARIA FEDERAL NO AMAZONAS,2017,10,82515.91
2,FUNDACAO PUBLICA,304,MINISTERIO DA SAUDE,315,FUNDACAO OSWALDO CRUZ,6126,INSTITUTO NACIONAL DE INFECTOLOGIA EVANDRO CHAGAS,2017,11,240997.29
2,FUNDACAO PUBLICA,304,MINISTERIO DA SAUDE,315,FUNDACAO OSWALDO CRUZ,6126,INSTITUTO NACIONAL DE INFECTOLOGIA EVANDRO CHAGAS,2017,7,243651.82
2,FUNDACAO PUBLICA,304,MINISTERIO DA SAUDE,315,FUNDACAO OSWALDO CRUZ,6126,INSTITUTO NACIONAL DE INFECTOLOGIA EVANDRO CHAGAS,2017,1,222445.5
2,FUNDACAO PUBLICA,304,MINISTERIO DA SAUDE,315,FUNDACAO OSWALDO CRUZ,6126,INSTITUTO NACIONAL DE INFECTOLOGIA EVANDRO CHAGAS,2017,12,240997.36
2,FUNDACAO PUBLICA,304,MINISTERIO DA SAUDE,315,FUNDACAO OSWALDO CRUZ,6126,INSTITUTO NACIONAL DE INFECTOLOGIA EVANDRO CHAGAS,2017,8,237525.39
2,FUNDACAO PUBLICA,304,MINISTERIO DA SAUDE,315,FUNDACAO OSWALDO CRUZ,6126,INSTITUTO NACIONAL DE INFECTOLOGIA EVANDRO CHAGAS,2017,4,218957.48
2,FUNDACAO PUBLICA,304,MINISTERIO DA SAUDE,315,FUNDACAO OSWALDO CRUZ,6126,INSTITUTO NACIONAL DE INFECTOLOGIA EVANDRO CHAGAS,2017,3,222445.5
2,FUNDACAO PUBLICA,304,MINISTERIO DA SAUDE,315,FUNDACAO OSWALDO CRUZ,6126,INSTITUTO NACIONAL DE INFECTOLOGIA EVANDRO CHAGAS,2017,9,250445.53
2,FUNDACAO PUBLICA,304,MINISTERIO DA SAUDE,315,FUNDACAO OSWALDO CRUZ,6126,INSTITUTO NACIONAL DE INFECTOLOGIA EVANDRO CHAGAS,2017,2,222445.5
2,FUNDACAO PUBLICA,304,MINISTERIO DA SAUDE,315,FUNDACAO OSWALDO CRUZ,6126,INSTITUTO NACIONAL DE INFECTOLOGIA EVANDRO CHAGAS,2018,9,235982.45
2,FUNDACAO PUBLICA,304,MINISTERIO DA SAUDE,315,FUNDACAO OSWALDO CRUZ,6126,INSTITUTO NACIONAL DE INFECTOLOGIA EVANDRO CHAGAS,2018,11,235651.16
2,FUNDACAO PUBLICA,304,MINISTERIO DA SAUDE,315,FUNDACAO OSWALDO CRUZ,6126,INSTITUTO NACIONAL DE INFECTOLOGIA EVANDRO CHAGAS,2018,5,237891.15
2,FUNDACAO PUBLICA,304,MINISTERIO DA SAUDE,315,FUNDACAO OSWALDO CRUZ,6126,INSTITUTO NACIONAL DE INFECTOLOGIA EVANDRO CHAGAS,2018,7,235982.45
2,FUNDACAO PUBLICA,304,MINISTERIO DA SAUDE,315,FUNDACAO OSWALDO CRUZ,6126,INSTITUTO NACIONAL DE INFECTOLOGIA EVANDRO CHAGAS,2018,3,243964.32
2,FUNDACAO PUBLICA,304,MINISTERIO DA SAUDE,315,FUNDACAO OSWALDO CRUZ,6126,INSTITUTO NACIONAL DE INFECTOLOGIA EVANDRO CHAGAS,2018,6,235982.45
2,FUNDACAO PUBLICA,304,MINISTERIO DA SAUDE,315,FUNDACAO OSWALDO CRUZ,6126,INSTITUTO NACIONAL DE INFECTOLOGIA EVANDRO CHAGAS,2018,8,235318.71
2,FUNDACAO PUBLICA,304,MINISTERIO DA SAUDE,315,FUNDACAO OSWALDO CRUZ,6126,INSTITUTO NACIONAL DE INFECTOLOGIA EVANDRO CHAGAS,2018,4,243964.32
2,FUNDACAO PUBLICA,304,MINISTERIO DA SAUDE,315,FUNDACAO OSWALDO CRUZ,6126,INSTITUTO NACIONAL DE INFECTOLOGIA EVANDRO CHAGAS,2018,12,232830.42
2,FUNDACAO PUBLICA,304,MINISTERIO DA SAUDE,315,FUNDACAO OSWALDO CRUZ,6126,INSTITUTO NACIONAL DE INFECTOLOGIA EVANDRO CHAGAS,2018,2,243964.32
2,FUNDACAO PUBLICA,304,MINISTERIO DA SAUDE,315,FUNDACAO OSWALDO CRUZ,6126,INSTITUTO NACIONAL DE INFECTOLOGIA EVANDRO CHAGAS,2018,10,236250.35
2,FUNDACAO PUBLICA,304,MINISTERIO DA SAUDE,315,FUNDACAO OSWALDO CRUZ,6126,INSTITUTO NACIONAL DE INFECTOLOGIA EVANDRO CHAGAS,2018,1,243964.32
2,FUNDACAO PUBLICA,304,MINISTERIO DA SAUDE,2207,FUNDACAO NACIONAL DE SAUDE,9007,SUPERINTENDENCIA ESTADUAL DO MATO GROSSO,2017,4,787020.1
2,FUNDACAO PUBLICA,304,MINISTERIO DA SAUDE,2207,FUNDACAO NACIONAL DE SAUDE,9007,SUPERINTENDENCIA ESTADUAL DO MATO GROSSO,2017,2,780113.56
2,FUNDACAO PUBLICA,304,MINISTERIO DA SAUDE,2207,FUNDACAO NACIONAL DE SAUDE,9007,SUPERINTENDENCIA ESTADUAL DO MATO GROSSO,2017,11,805751.34
2,FUNDACAO PUBLICA,304,MINISTERIO DA SAUDE,2207,FUNDACAO NACIONAL DE SAUDE,9007,SUPERINTENDENCIA ESTADUAL DO MATO GROSSO,2017,7,805736.15
2,FUNDACAO PUBLICA,304,MINISTERIO DA SAUDE,2207,FUNDACAO NACIONAL DE SAUDE,9007,SUPERINTENDENCIA ESTADUAL DO MATO GROSSO,2017,9,800392.27
2,FUNDACAO PUBLICA,304,MINISTERIO DA SAUDE,2207,FUNDACAO NACIONAL DE SAUDE,9007,SUPERINTENDENCIA ESTADUAL DO MATO GROSSO,2017,5,792283.56
2,FUNDACAO PUBLICA,304,MINISTERIO DA SAUDE,2207,FUNDACAO NACIONAL DE SAUDE,9007,SUPERINTENDENCIA ESTADUAL DO MATO GROSSO,2018,11,819693.7
2,FUNDACAO PUBLICA,304,MINISTERIO DA SAUDE,2207,FUNDACAO NACIONAL DE SAUDE,9007,SUPERINTENDENCIA ESTADUAL DO MATO GROSSO,2018,4,814188.08
2,FUNDACAO PUBLICA,304,MINISTERIO DA SAUDE,2207,FUNDACAO NACIONAL DE SAUDE,9007,SUPERINTENDENCIA ESTADUAL DO MATO GROSSO,2018,10,819693.7
2,FUNDACAO PUBLICA,304,MINISTERIO DA SAUDE,2207,FUNDACAO NACIONAL DE SAUDE,9007,SUPERINTENDENCIA ESTADUAL DO MATO GROSSO,2018,9,824326.08
2,FUNDACAO PUBLICA,304,MINISTERIO DA SAUDE,2207,FUNDACAO NACIONAL DE SAUDE,9007,SUPERINTENDENCIA ESTADUAL DO MATO GROSSO,2018,3,817917.46
2,FUNDACAO PUBLICA,304,MINISTERIO DA SAUDE,2207,FUNDACAO NACIONAL DE SAUDE,9007,SUPERINTENDENCIA ESTADUAL DO MATO GROSSO,2018,2,815206.65
2,FUNDACAO PUBLICA,304,MINISTERIO DA SAUDE,2207,FUNDACAO NACIONAL DE SAUDE,9007,SUPERINTENDENCIA ESTADUAL DO MATO GROSSO,2018,8,834340.97
2,FUNDACAO PUBLICA,304,MINISTERIO DA SAUDE,2207,FUNDACAO NACIONAL DE SAUDE,9007,SUPERINTENDENCIA ESTADUAL DO MATO GROSSO,2018,12,817526.58
2,FUNDACAO PUBLICA,304,MINISTERIO DA SAUDE,2207,FUNDACAO NACIONAL DE SAUDE,9007,SUPERINTENDENCIA ESTADUAL DO MATO GROSSO,2018,7,844996.67
2,FUNDACAO PUBLICA,304,MINISTERIO DA SAUDE,2207,FUNDACAO NACIONAL DE SAUDE,9007,SUPERINTENDENCIA ESTADUAL DO MATO GROSSO,2018,6,833065.09
2,FUNDACAO PUBLICA,304,MINISTERIO DA SAUDE,2207,FUNDACAO NACIONAL DE SAUDE,9007,SUPERINTENDENCIA ESTADUAL DO MATO GROSSO,2018,5,858512.4
