co_natureza_juridica,ds_natureza_juridica,co_organizacao_n1,ds_organizacao_n1,co_organizacao_n2,ds_organizacao_n2,co_organizacao_n3,ds_organizacao_n3,co_organizacao_n4,ds_organizacao_n4,co_organizacao_n5,ds_organizacao_n5,co_organizacao_n6,ds_organizacao_n6,an_lanc,me_lanc,in_area_atuacao,ds_area_atuacao,in_escolaridade,ds_escolaridade,in_faixa_etaria,ds_faixa_etaria,in_sexo,in_forca_trabalho,va_custo_de_pessoal
-7,NAO DISPONIVEL,-7,NAO DISPONIVEL,-7,NAO DISPONIVEL,-7,NAO DISPONIVEL,-7,NAO DISPONIVEL,-7,NAO DISPONIVEL,-7,NAO DISPONIVEL,2015,6,-7,NAO DISPONIVEL,7,2O GR INCOMPLETO,9,51 A 55 ANOS,F,472,2325732.99
-7,NAO DISPONIVEL,-7,NAO DISPONIVEL,-7,NAO DISPONIVEL,-7,NAO DISPONIVEL,-7,NAO DISPONIVEL,-7,NAO DISPONIVEL,-7,NAO DISPONIVEL,2015,6,-7,NAO DISPONIVEL,7,2O GR INCOMPLETO,9,51 A 55 ANOS,M,459,2945907.91
-7,NAO DISPONIVEL,-7,NAO DISPONIVEL,-7,NAO DISPONIVEL,-7,NAO DISPONIVEL,-7,NAO DISPONIVEL,-7,NAO DISPONIVEL,-7,NAO DISPONIVEL,2015,7,-7,NAO DISPONIVEL,7,2O GR INCOMPLETO,9,51 A 55 ANOS,F,454,1978236.64
-7,NAO DISPONIVEL,-7,NAO DISPONIVEL,-7,NAO DISPONIVEL,-7,NAO DISPONIVEL,-7,NAO DISPONIVEL,-7,NAO DISPONIVEL,-7,NAO DISPONIVEL,2015,7,-7,NAO DISPONIVEL,7,2O GR INCOMPLETO,9,51 A 55 ANOS,M,450,2813964.57
-7,NAO DISPONIVEL,-7,NAO DISPONIVEL,-7,NAO DISPONIVEL,-7,NAO DISPONIVEL,-7,NAO DISPONIVEL,-7,NAO DISPONIVEL,-7,NAO DISPONIVEL,2015,8,-7,NAO DISPONIVEL,7,2O GR INCOMPLETO,9,51 A 55 ANOS,F,449,2072445.13
-7,NAO DISPONIVEL,-7,NAO DISPONIVEL,-7,NAO DISPONIVEL,-7,NAO DISPONIVEL,-7,NAO DISPONIVEL,-7,NAO DISPONIVEL,-7,NAO DISPONIVEL,2015,8,-7,NAO DISPONIVEL,7,2O GR INCOMPLETO,9,51 A 55 ANOS,M,449,2921166.68
-7,NAO DISPONIVEL,-7,NAO DISPONIVEL,-7,NAO DISPONIVEL,-7,NAO DISPONIVEL,-7,NAO DISPONIVEL,-7,NAO DISPONIVEL,-7,NAO DISPONIVEL,2015,9,-7,NAO DISPONIVEL,7,2O GR INCOMPLETO,9,51 A 55 ANOS,F,437,2020993.24
-7,NAO DISPONIVEL,-7,NAO DISPONIVEL,-7,NAO DISPONIVEL,-7,NAO DISPONIVEL,-7,NAO DISPONIVEL,-7,NAO DISPONIVEL,-7,NAO DISPONIVEL,2015,9,-7,NAO DISPONIVEL,7,2O GR INCOMPLETO,9,51 A 55 ANOS,M,447,2841157.06
-7,NAO DISPONIVEL,-7,NAO DISPONIVEL,-7,NAO DISPONIVEL,-7,NAO DISPONIVEL,-7,NAO DISPONIVEL,-7,NAO DISPONIVEL,-7,NAO DISPONIVEL,2015,10,-7,NAO DISPONIVEL,7,2O GR INCOMPLETO,9,51 A 55 ANOS,F,426,1956545.13
-7,NAO DISPONIVEL,-7,NAO DISPONIVEL,-7,NAO DISPONIVEL,-7,NAO DISPONIVEL,-7,NAO DISPONIVEL,-7,NAO DISPONIVEL,-7,NAO DISPONIVEL,2015,10,-7,NAO DISPONIVEL,7,2O GR INCOMPLETO,9,51 A 55 ANOS,M,449,2863609.58
-7,NAO DISPONIVEL,-7,NAO DISPONIVEL,-7,NAO DISPONIVEL,-7,NAO DISPONIVEL,-7,NAO DISPONIVEL,-7,NAO DISPONIVEL,-7,NAO DISPONIVEL,2015,11,-7,NAO DISPONIVEL,7,2O GR INCOMPLETO,9,51 A 55 ANOS,F,419,2386565.71
-7,NAO DISPONIVEL,-7,NAO DISPONIVEL,-7,NAO DISPONIVEL,-7,NAO DISPONIVEL,-7,NAO DISPONIVEL,-7,NAO DISPONIVEL,-7,NAO DISPONIVEL,2015,11,-7,NAO DISPONIVEL,7,2O GR INCOMPLETO,9,51 A 55 ANOS,M,449,3451717.48
-7,NAO DISPONIVEL,-7,NAO DISPONIVEL,-7,NAO DISPONIVEL,-7,NAO DISPONIVEL,-7,NAO DISPONIVEL,-7,NAO DISPONIVEL,-7,NAO DISPONIVEL,2015,12,-7,NAO DISPONIVEL,7,2O GR INCOMPLETO,9,51 A 55 ANOS,F,408,2693008.64
-7,NAO DISPONIVEL,-7,NAO DISPONIVEL,-7,NAO DISPONIVEL,-7,NAO DISPONIVEL,-7,NAO DISPONIVEL,-7,NAO DISPONIVEL,-7,NAO DISPONIVEL,2015,12,-7,NAO DISPONIVEL,7,2O GR INCOMPLETO,9,51 A 55 ANOS,M,436,4047639.25
-7,NAO DISPONIVEL,-7,NAO DISPONIVEL,-7,NAO DISPONIVEL,-7,NAO DISPONIVEL,-7,NAO DISPONIVEL,-7,NAO DISPONIVEL,-7,NAO DISPONIVEL,2015,1,-7,NAO DISPONIVEL,7,2O GR INCOMPLETO,10,56 A 60 ANOS,F,593,2476087.58
-7,NAO DISPONIVEL,-7,NAO DISPONIVEL,-7,NAO DISPONIVEL,-7,NAO DISPONIVEL,-7,NAO DISPONIVEL,-7,NAO DISPONIVEL,-7,NAO DISPONIVEL,2015,1,-7,NAO DISPONIVEL,7,2O GR INCOMPLETO,10,56 A 60 ANOS,M,475,2961852.3
-7,NAO DISPONIVEL,-7,NAO DISPONIVEL,-7,NAO DISPONIVEL,-7,NAO DISPONIVEL,-7,NAO DISPONIVEL,-7,NAO DISPONIVEL,-7,NAO DISPONIVEL,2015,2,-7,NAO DISPONIVEL,7,2O GR INCOMPLETO,10,56 A 60 ANOS,F,604,2574966.03
-7,NAO DISPONIVEL,-7,NAO DISPONIVEL,-7,NAO DISPONIVEL,-7,NAO DISPONIVEL,-7,NAO DISPONIVEL,-7,NAO DISPONIVEL,-7,NAO DISPONIVEL,2015,2,-7,NAO DISPONIVEL,7,2O GR INCOMPLETO,10,56 A 60 ANOS,M,475,3004931.43
-7,NAO DISPONIVEL,-7,NAO DISPONIVEL,-7,NAO DISPONIVEL,-7,NAO DISPONIVEL,-7,NAO DISPONIVEL,-7,NAO DISPONIVEL,-7,NAO DISPONIVEL,2015,3,-7,NAO DISPONIVEL,7,2O GR INCOMPLETO,10,56 A 60 ANOS,F,605,2565547.47
-7,NAO DISPONIVEL,-7,NAO DISPONIVEL,-7,NAO DISPONIVEL,-7,NAO DISPONIVEL,-7,NAO DISPONIVEL,-7,NAO DISPONIVEL,-7,NAO DISPONIVEL,2015,3,-7,NAO DISPONIVEL,7,2O GR INCOMPLETO,10,56 A 60 ANOS,M,486,3105865.53
-7,NAO DISPONIVEL,-7,NAO DISPONIVEL,-7,NAO DISPONIVEL,-7,NAO DISPONIVEL,-7,NAO DISPONIVEL,-7,NAO DISPONIVEL,-7,NAO DISPONIVEL,2015,4,-7,NAO DISPONIVEL,7,2O GR INCOMPLETO,10,56 A 60 ANOS,F,613,2722830.39
-7,NAO DISPONIVEL,-7,NAO DISPONIVEL,-7,NAO DISPONIVEL,-7,NAO DISPONIVEL,-7,NAO DISPONIVEL,-7,NAO DISPONIVEL,-7,NAO DISPONIVEL,2015,4,-7,NAO DISPONIVEL,7,2O GR INCOMPLETO,10,56 A 60 ANOS,M,486,3127996.52
-7,NAO DISPONIVEL,-7,NAO DISPONIVEL,-7,NAO DISPONIVEL,-7,NAO DISPONIVEL,-7,NAO DISPONIVEL,-7,NAO DISPONIVEL,-7,NAO DISPONIVEL,2015,5,-7,NAO DISPONIVEL,7,2O GR INCOMPLETO,10,56 A 60 ANOS,F,613,2759271.41
-7,NAO DISPONIVEL,-7,NAO DISPONIVEL,-7,NAO DISPONIVEL,-7,NAO DISPONIVEL,-7,NAO DISPONIVEL,-7,NAO DISPONIVEL,-7,NAO DISPONIVEL,2015,5,-7,NAO DISPONIVEL,7,2O GR INCOMPLETO,10,56 A 60 ANOS,M,496,3253415.87
-7,NAO DISPONIVEL,-7,NAO DISPONIVEL,-7,NAO DISPONIVEL,-7,NAO DISPONIVEL,-7,NAO DISPONIVEL,-7,NAO DISPONIVEL,-7,NAO DISPONIVEL,2015,6,-7,NAO DISPONIVEL,7,2O GR INCOMPLETO,10,56 A 60 ANOS,F,608,2821128.52
-7,NAO DISPONIVEL,-7,NAO DISPONIVEL,-7,NAO DISPONIVEL,-7,NAO DISPONIVEL,-7,NAO DISPONIVEL,-7,NAO DISPONIVEL,-7,NAO DISPONIVEL,2015,6,-7,NAO DISPONIVEL,7,2O GR INCOMPLETO,10,56 A 60 ANOS,M,510,3401326.27
-7,NAO DISPONIVEL,-7,NAO DISPONIVEL,-7,NAO DISPONIVEL,-7,NAO DISPONIVEL,-7,NAO DISPONIVEL,-7,NAO DISPONIVEL,-7,NAO DISPONIVEL,2015,7,-7,NAO DISPONIVEL,7,2O GR INCOMPLETO,10,56 A 60 ANOS,F,600,2586609.67
-7,NAO DISPONIVEL,-7,NAO DISPONIVEL,-7,NAO DISPONIVEL,-7,NAO DISPONIVEL,-7,NAO DISPONIVEL,-7,NAO DISPONIVEL,-7,NAO DISPONIVEL,2015,7,-7,NAO DISPONIVEL,7,2O GR INCOMPLETO,10,56 A 60 ANOS,M,513,3238408.41
-7,NAO DISPONIVEL,-7,NAO DISPONIVEL,-7,NAO DISPONIVEL,-7,NAO DISPONIVEL,-7,NAO DISPONIVEL,-7,NAO DISPONIVEL,-7,NAO DISPONIVEL,2015,8,-7,NAO DISPONIVEL,7,2O GR INCOMPLETO,10,56 A 60 ANOS,F,594,2715547.78
-7,NAO DISPONIVEL,-7,NAO DISPONIVEL,-7,NAO DISPONIVEL,-7,NAO DISPONIVEL,-7,NAO DISPONIVEL,-7,NAO DISPONIVEL,-7,NAO DISPONIVEL,2015,8,-7,NAO DISPONIVEL,7,2O GR INCOMPLETO,10,56 A 60 ANOS,M,511,3309035.89
-7,NAO DISPONIVEL,-7,NAO DISPONIVEL,-7,NAO DISPONIVEL,-7,NAO DISPONIVEL,-7,NAO DISPONIVEL,-7,NAO DISPONIVEL,-7,NAO DISPONIVEL,2015,9,-7,NAO DISPONIVEL,7,2O GR INCOMPLETO,10,56 A 60 ANOS,F,595,2744892.07
-7,NAO DISPONIVEL,-7,NAO DISPONIVEL,-7,NAO DISPONIVEL,-7,NAO DISPONIVEL,-7,NAO DISPONIVEL,-7,NAO DISPONIVEL,-7,NAO DISPONIVEL,2015,9,-7,NAO DISPONIVEL,7,2O GR INCOMPLETO,10,56 A 60 ANOS,M,514,3280499.76
-7,NAO DISPONIVEL,-7,NAO DISPONIVEL,-7,NAO DISPONIVEL,-7,NAO DISPONIVEL,-7,NAO DISPONIVEL,-7,NAO DISPONIVEL,-7,NAO DISPONIVEL,2015,10,-7,NAO DISPONIVEL,7,2O GR INCOMPLETO,10,56 A 60 ANOS,F,603,2718912.24
-7,NAO DISPONIVEL,-7,NAO DISPONIVEL,-7,NAO DISPONIVEL,-7,NAO DISPONIVEL,-7,NAO DISPONIVEL,-7,NAO DISPONIVEL,-7,NAO DISPONIVEL,2015,10,-7,NAO DISPONIVEL,7,2O GR INCOMPLETO,10,56 A 60 ANOS,M,510,3276121.94
-7,NAO DISPONIVEL,-7,NAO DISPONIVEL,-7,NAO DISPONIVEL,-7,NAO DISPONIVEL,-7,NAO DISPONIVEL,-7,NAO DISPONIVEL,-7,NAO DISPONIVEL,2015,2,-7,NAO DISPONIVEL,8,2O GR COMPL OU TEC PROFISS,9,51 A 55 ANOS,F,7726,52947523.55
-7,NAO DISPONIVEL,-7,NAO DISPONIVEL,-7,NAO DISPONIVEL,-7,NAO DISPONIVEL,-7,NAO DISPONIVEL,-7,NAO DISPONIVEL,-7,NAO DISPONIVEL,2015,2,-7,NAO DISPONIVEL,8,2O GR COMPL OU TEC PROFISS,9,51 A 55 ANOS,M,10268,74837964.62
-7,NAO DISPONIVEL,-7,NAO DISPONIVEL,-7,NAO DISPONIVEL,-7,NAO DISPONIVEL,-7,NAO DISPONIVEL,-7,NAO DISPONIVEL,-7,NAO DISPONIVEL,2015,3,-7,NAO DISPONIVEL,8,2O GR COMPL OU TEC PROFISS,9,51 A 55 ANOS,F,7676,52973220.2
-7,NAO DISPONIVEL,-7,NAO DISPONIVEL,-7,NAO DISPONIVEL,-7,NAO DISPONIVEL,-7,NAO DISPONIVEL,-7,NAO DISPONIVEL,-7,NAO DISPONIVEL,2015,3,-7,NAO DISPONIVEL,8,2O GR COMPL OU TEC PROFISS,9,51 A 55 ANOS,M,10196,75148996.37
-7,NAO DISPONIVEL,-7,NAO DISPONIVEL,-7,NAO DISPONIVEL,-7,NAO DISPONIVEL,-7,NAO DISPONIVEL,-7,NAO DISPONIVEL,-7,NAO DISPONIVEL,2015,4,-7,NAO DISPONIVEL,8,2O GR COMPL OU TEC PROFISS,9,51 A 55 ANOS,F,7587,52282934.68
-7,NAO DISPONIVEL,-7,NAO DISPONIVEL,-7,NAO DISPONIVEL,-7,NAO DISPONIVEL,-7,NAO DISPONIVEL,-7,NAO DISPONIVEL,-7,NAO DISPONIVEL,2015,4,-7,NAO DISPONIVEL,8,2O GR COMPL OU TEC PROFISS,9,51 A 55 ANOS,M,10164,74939112.57
-7,NAO DISPONIVEL,-7,NAO DISPONIVEL,-7,NAO DISPONIVEL,-7,NAO DISPONIVEL,-7,NAO DISPONIVEL,-7,NAO DISPONIVEL,-7,NAO DISPONIVEL,2015,5,-7,NAO DISPONIVEL,8,2O GR COMPL OU TEC PROFISS,9,51 A 55 ANOS,F,7555,51824901.97
-7,NAO DISPONIVEL,-7,NAO DISPONIVEL,-7,NAO DISPONIVEL,-7,NAO DISPONIVEL,-7,NAO DISPONIVEL,-7,NAO DISPONIVEL,-7,NAO DISPONIVEL,2015,5,-7,NAO DISPONIVEL,8,2O GR COMPL OU TEC PROFISS,9,51 A 55 ANOS,M,10103,74389781.76
-7,NAO DISPONIVEL,-7,NAO DISPONIVEL,-7,NAO DISPONIVEL,-7,NAO DISPONIVEL,-7,NAO DISPONIVEL,-7,NAO DISPONIVEL,-7,NAO DISPONIVEL,2015,6,-7,NAO DISPONIVEL,8,2O GR COMPL OU TEC PROFISS,9,51 A 55 ANOS,F,7544,51701330.41
-7,NAO DISPONIVEL,-7,NAO DISPONIVEL,-7,NAO DISPONIVEL,-7,NAO DISPONIVEL,-7,NAO DISPONIVEL,-7,NAO DISPONIVEL,-7,NAO DISPONIVEL,2015,6,-7,NAO DISPONIVEL,8,2O GR COMPL OU TEC PROFISS,9,51 A 55 ANOS,M,10071,74108604.6
-7,NAO DISPONIVEL,-7,NAO DISPONIVEL,-7,NAO DISPONIVEL,-7,NAO DISPONIVEL,-7,NAO DISPONIVEL,-7,NAO DISPONIVEL,-7,NAO DISPONIVEL,2015,7,-7,NAO DISPONIVEL,8,2O GR COMPL OU TEC PROFISS,9,51 A 55 ANOS,F,7495,52099078.46
-7,NAO DISPONIVEL,-7,NAO DISPONIVEL,-7,NAO DISPONIVEL,-7,NAO DISPONIVEL,-7,NAO DISPONIVEL,-7,NAO DISPONIVEL,-7,NAO DISPONIVEL,2015,7,-7,NAO DISPONIVEL,8,2O GR COMPL OU TEC PROFISS,9,51 A 55 ANOS,M,10028,74785923.9
-7,NAO DISPONIVEL,-7,NAO DISPONIVEL,-7,NAO DISPONIVEL,-7,NAO DISPONIVEL,-7,NAO DISPONIVEL,-7,NAO DISPONIVEL,-7,NAO DISPONIVEL,2015,8,-7,NAO DISPONIVEL,8,2O GR COMPL OU TEC PROFISS,9,51 A 55 ANOS,F,7446,50403400.59
-7,NAO DISPONIVEL,-7,NAO DISPONIVEL,-7,NAO DISPONIVEL,-7,NAO DISPONIVEL,-7,NAO DISPONIVEL,-7,NAO DISPONIVEL,-7,NAO DISPONIVEL,2015,8,-7,NAO DISPONIVEL,8,2O GR COMPL OU TEC PROFISS,9,51 A 55 ANOS,M,9928,74905001.55
-7,NAO DISPONIVEL,-7,NAO DISPONIVEL,-7,NAO DISPONIVEL,-7,NAO DISPONIVEL,-7,NAO DISPONIVEL,-7,NAO DISPONIVEL,-7,NAO DISPONIVEL,2015,9,-7,NAO DISPONIVEL,8,2O GR COMPL OU TEC PROFISS,9,51 A 55 ANOS,F,7337,52033887.31
-7,NAO DISPONIVEL,-7,NAO DISPONIVEL,-7,NAO DISPONIVEL,-7,NAO DISPONIVEL,-7,NAO DISPONIVEL,-7,NAO DISPONIVEL,-7,NAO DISPONIVEL,2015,9,-7,NAO DISPONIVEL,8,2O GR COMPL OU TEC PROFISS,9,51 A 55 ANOS,M,9723,73498347.69
-7,NAO DISPONIVEL,-7,NAO DISPONIVEL,-7,NAO DISPONIVEL,-7,NAO DISPONIVEL,-7,NAO DISPONIVEL,-7,NAO DISPONIVEL,-7,NAO DISPONIVEL,2015,10,-7,NAO DISPONIVEL,8,2O GR COMPL OU TEC PROFISS,9,51 A 55 ANOS,F,7244,52199633.33
-7,NAO DISPONIVEL,-7,NAO DISPONIVEL,-7,NAO DISPONIVEL,-7,NAO DISPONIVEL,-7,NAO DISPONIVEL,-7,NAO DISPONIVEL,-7,NAO DISPONIVEL,2015,10,-7,NAO DISPONIVEL,8,2O GR COMPL OU TEC PROFISS,9,51 A 55 ANOS,M,9627,74434604.01
-7,NAO DISPONIVEL,-7,NAO DISPONIVEL,-7,NAO DISPONIVEL,-7,NAO DISPONIVEL,-7,NAO DISPONIVEL,-7,NAO DISPONIVEL,-7,NAO DISPONIVEL,2015,11,-7,NAO DISPONIVEL,8,2O GR COMPL OU TEC PROFISS,9,51 A 55 ANOS,F,7131,52097901.66
-7,NAO DISPONIVEL,-7,NAO DISPONIVEL,-7,NAO DISPONIVEL,-7,NAO DISPONIVEL,-7,NAO DISPONIVEL,-7,NAO DISPONIVEL,-7,NAO DISPONIVEL,2015,11,-7,NAO DISPONIVEL,8,2O GR COMPL OU TEC PROFISS,9,51 A 55 ANOS,M,9550,73074378.68
-7,NAO DISPONIVEL,-7,NAO DISPONIVEL,-7,NAO DISPONIVEL,-7,NAO DISPONIVEL,-7,NAO DISPONIVEL,-7,NAO DISPONIVEL,-7,NAO DISPONIVEL,2015,12,-7,NAO DISPONIVEL,8,2O GR COMPL OU TEC PROFISS,9,51 A 55 ANOS,F,7228,50963806.41
-7,NAO DISPONIVEL,-7,NAO DISPONIVEL,-7,NAO DISPONIVEL,-7,NAO DISPONIVEL,-7,NAO DISPONIVEL,-7,NAO DISPONIVEL,-7,NAO DISPONIVEL,2015,12,-7,NAO DISPONIVEL,8,2O GR COMPL OU TEC PROFISS,9,51 A 55 ANOS,M,9523,72918048.36
-7,NAO DISPONIVEL,-7,NAO DISPONIVEL,-7,NAO DISPONIVEL,-7,NAO DISPONIVEL,-7,NAO DISPONIVEL,-7,NAO DISPONIVEL,-7,NAO DISPONIVEL,2015,1,-7,NAO DISPONIVEL,8,2O GR COMPL OU TEC PROFISS,10,56 A 60 ANOS,F,6267,46351399.63
-7,NAO DISPONIVEL,-7,NAO DISPONIVEL,-7,NAO DISPONIVEL,-7,NAO DISPONIVEL,-7,NAO DISPONIVEL,-7,NAO DISPONIVEL,-7,NAO DISPONIVEL,2015,1,-7,NAO DISPONIVEL,8,2O GR COMPL OU TEC PROFISS,10,56 A 60 ANOS,M,8674,64512371.25
-7,NAO DISPONIVEL,-7,NAO DISPONIVEL,-7,NAO DISPONIVEL,-7,NAO DISPONIVEL,-7,NAO DISPONIVEL,-7,NAO DISPONIVEL,-7,NAO DISPONIVEL,2015,2,-7,NAO DISPONIVEL,8,2O GR COMPL OU TEC PROFISS,10,56 A 60 ANOS,F,6282,46587756.44
-7,NAO DISPONIVEL,-7,NAO DISPONIVEL,-7,NAO DISPONIVEL,-7,NAO DISPONIVEL,-7,NAO DISPONIVEL,-7,NAO DISPONIVEL,-7,NAO DISPONIVEL,2015,2,-7,NAO DISPONIVEL,8,2O GR COMPL OU TEC PROFISS,10,56 A 60 ANOS,M,8696,65308907.67
-7,NAO DISPONIVEL,-7,NAO DISPONIVEL,-7,NAO DISPONIVEL,-7,NAO DISPONIVEL,-7,NAO DISPONIVEL,-7,NAO DISPONIVEL,-7,NAO DISPONIVEL,2015,8,-7,NAO DISPONIVEL,9,SUPERIOR INCOMPLETO,10,56 A 60 ANOS,F,187,1085925.85
-7,NAO DISPONIVEL,-7,NAO DISPONIVEL,-7,NAO DISPONIVEL,-7,NAO DISPONIVEL,-7,NAO DISPONIVEL,-7,NAO DISPONIVEL,-7,NAO DISPONIVEL,2015,8,-7,NAO DISPONIVEL,9,SUPERIOR INCOMPLETO,10,56 A 60 ANOS,M,151,1509527.87
-7,NAO DISPONIVEL,-7,NAO DISPONIVEL,-7,NAO DISPONIVEL,-7,NAO DISPONIVEL,-7,NAO DISPONIVEL,-7,NAO DISPONIVEL,-7,NAO DISPONIVEL,2015,9,-7,NAO DISPONIVEL,9,SUPERIOR INCOMPLETO,10,56 A 60 ANOS,F,187,1130103.19
-7,NAO DISPONIVEL,-7,NAO DISPONIVEL,-7,NAO DISPONIVEL,-7,NAO DISPONIVEL,-7,NAO DISPONIVEL,-7,NAO DISPONIVEL,-7,NAO DISPONIVEL,2015,9,-7,NAO DISPONIVEL,9,SUPERIOR INCOMPLETO,10,56 A 60 ANOS,M,154,1483605.88
-7,NAO DISPONIVEL,-7,NAO DISPONIVEL,-7,NAO DISPONIVEL,-7,NAO DISPONIVEL,-7,NAO DISPONIVEL,-7,NAO DISPONIVEL,-7,NAO DISPONIVEL,2015,10,-7,NAO DISPONIVEL,9,SUPERIOR INCOMPLETO,10,56 A 60 ANOS,F,190,1167185.98
-7,NAO DISPONIVEL,-7,NAO DISPONIVEL,-7,NAO DISPONIVEL,-7,NAO DISPONIVEL,-7,NAO DISPONIVEL,-7,NAO DISPONIVEL,-7,NAO DISPONIVEL,2015,10,-7,NAO DISPONIVEL,9,SUPERIOR INCOMPLETO,10,56 A 60 ANOS,M,154,1560202.01
-7,NAO DISPONIVEL,-7,NAO DISPONIVEL,-7,NAO DISPONIVEL,-7,NAO DISPONIVEL,-7,NAO DISPONIVEL,-7,NAO DISPONIVEL,-7,NAO DISPONIVEL,2015,11,-7,NAO DISPONIVEL,9,SUPERIOR INCOMPLETO,10,56 A 60 ANOS,F,191,1257870.35
-7,NAO DISPONIVEL,-7,NAO DISPONIVEL,-7,NAO DISPONIVEL,-7,NAO DISPONIVEL,-7,NAO DISPONIVEL,-7,NAO DISPONIVEL,-7,NAO DISPONIVEL,2015,7,-7,NAO DISPONIVEL,2,ALFABETIZ S/ CURSOS REGUL,3,19 A 25 ANOS,F,1,1081.11
-7,NAO DISPONIVEL,-7,NAO DISPONIVEL,-7,NAO DISPONIVEL,-7,NAO DISPONIVEL,-7,NAO DISPONIVEL,-7,NAO DISPONIVEL,-7,NAO DISPONIVEL,2015,7,-7,NAO DISPONIVEL,2,ALFABETIZ S/ CURSOS REGUL,3,19 A 25 ANOS,M,10,14517.43
-7,NAO DISPONIVEL,-7,NAO DISPONIVEL,-7,NAO DISPONIVEL,-7,NAO DISPONIVEL,-7,NAO DISPONIVEL,-7,NAO DISPONIVEL,-7,NAO DISPONIVEL,2015,8,-7,NAO DISPONIVEL,2,ALFABETIZ S/ CURSOS REGUL,3,19 A 25 ANOS,F,1,1081.11
-7,NAO DISPONIVEL,-7,NAO DISPONIVEL,-7,NAO DISPONIVEL,-7,NAO DISPONIVEL,-7,NAO DISPONIVEL,-7,NAO DISPONIVEL,-7,NAO DISPONIVEL,2015,8,-7,NAO DISPONIVEL,2,ALFABETIZ S/ CURSOS REGUL,3,19 A 25 ANOS,M,11,15971.87
-7,NAO DISPONIVEL,-7,NAO DISPONIVEL,-7,NAO DISPONIVEL,-7,NAO DISPONIVEL,-7,NAO DISPONIVEL,-7,NAO DISPONIVEL,-7,NAO DISPONIVEL,2015,9,-7,NAO DISPONIVEL,2,ALFABETIZ S/ CURSOS REGUL,3,19 A 25 ANOS,F,1,1210.0
-7,NAO DISPONIVEL,-7,NAO DISPONIVEL,-7,NAO DISPONIVEL,-7,NAO DISPONIVEL,-7,NAO DISPONIVEL,-7,NAO DISPONIVEL,-7,NAO DISPONIVEL,2015,9,-7,NAO DISPONIVEL,2,ALFABETIZ S/ CURSOS REGUL,3,19 A 25 ANOS,M,11,16174.09
-7,NAO DISPONIVEL,-7,NAO DISPONIVEL,-7,NAO DISPONIVEL,-7,NAO DISPONIVEL,-7,NAO DISPONIVEL,-7,NAO DISPONIVEL,-7,NAO DISPONIVEL,2015,10,-7,NAO DISPONIVEL,2,ALFABETIZ S/ CURSOS REGUL,3,19 A 25 ANOS,F,1,1210.0
-7,NAO DISPONIVEL,-7,NAO DISPONIVEL,-7,NAO DISPONIVEL,-7,NAO DISPONIVEL,-7,NAO DISPONIVEL,-7,NAO DISPONIVEL,-7,NAO DISPONIVEL,2015,10,-7,NAO DISPONIVEL,2,ALFABETIZ S/ CURSOS REGUL,3,19 A 25 ANOS,M,11,16174.09
-7,NAO DISPONIVEL,-7,NAO DISPONIVEL,-7,NAO DISPONIVEL,-7,NAO DISPONIVEL,-7,NAO DISPONIVEL,-7,NAO DISPONIVEL,-7,NAO DISPONIVEL,2015,11,-7,NAO DISPONIVEL,2,ALFABETIZ S/ CURSOS REGUL,3,19 A 25 ANOS,F,1,1210.0
-7,NAO DISPONIVEL,-7,NAO DISPONIVEL,-7,NAO DISPONIVEL,-7,NAO DISPONIVEL,-7,NAO DISPONIVEL,-7,NAO DISPONIVEL,-7,NAO DISPONIVEL,2015,11,-7,NAO DISPONIVEL,2,ALFABETIZ S/ CURSOS REGUL,3,19 A 25 ANOS,M,7,10555.73
-7,NAO DISPONIVEL,-7,NAO DISPONIVEL,-7,NAO DISPONIVEL,-7,NAO DISPONIVEL,-7,NAO DISPONIVEL,-7,NAO DISPONIVEL,-7,NAO DISPONIVEL,2015,12,-7,NAO DISPONIVEL,2,ALFABETIZ S/ CURSOS REGUL,3,19 A 25 ANOS,F,1,1210.0
-7,NAO DISPONIVEL,-7,NAO DISPONIVEL,-7,NAO DISPONIVEL,-7,NAO DISPONIVEL,-7,NAO DISPONIVEL,-7,NAO DISPONIVEL,-7,NAO DISPONIVEL,2015,12,-7,NAO DISPONIVEL,2,ALFABETIZ S/ CURSOS REGUL,3,19 A 25 ANOS,M,3,4101.11
-7,NAO DISPONIVEL,-7,NAO DISPONIVEL,-7,NAO DISPONIVEL,-7,NAO DISPONIVEL,-7,NAO DISPONIVEL,-7,NAO DISPONIVEL,-7,NAO DISPONIVEL,2015,1,-7,NAO DISPONIVEL,2,ALFABETIZ S/ CURSOS REGUL,4,26 A 30 ANOS,F,2,2863.47
-7,NAO DISPONIVEL,-7,NAO DISPONIVEL,-7,NAO DISPONIVEL,-7,NAO DISPONIVEL,-7,NAO DISPONIVEL,-7,NAO DISPONIVEL,-7,NAO DISPONIVEL,2015,7,-7,NAO DISPONIVEL,3,1O GR INC - 1A A 4A SER INC,7,41 A 45 ANOS,M,1,709.27
-7,NAO DISPONIVEL,-7,NAO DISPONIVEL,-7,NAO DISPONIVEL,-7,NAO DISPONIVEL,-7,NAO DISPONIVEL,-7,NAO DISPONIVEL,-7,NAO DISPONIVEL,2015,8,-7,NAO DISPONIVEL,3,1O GR INC - 1A A 4A SER INC,7,41 A 45 ANOS,M,1,709.27
-7,NAO DISPONIVEL,-7,NAO DISPONIVEL,-7,NAO DISPONIVEL,-7,NAO DISPONIVEL,-7,NAO DISPONIVEL,-7,NAO DISPONIVEL,-7,NAO DISPONIVEL,2015,9,-7,NAO DISPONIVEL,3,1O GR INC - 1A A 4A SER INC,7,41 A 45 ANOS,M,1,709.27
-7,NAO DISPONIVEL,-7,NAO DISPONIVEL,-7,NAO DISPONIVEL,-7,NAO DISPONIVEL,-7,NAO DISPONIVEL,-7,NAO DISPONIVEL,-7,NAO DISPONIVEL,2015,10,-7,NAO DISPONIVEL,3,1O GR INC - 1A A 4A SER INC,7,41 A 45 ANOS,M,2,4316.78
-7,NAO DISPONIVEL,-7,NAO DISPONIVEL,-7,NAO DISPONIVEL,-7,NAO DISPONIVEL,-7,NAO DISPONIVEL,-7,NAO DISPONIVEL,-7,NAO DISPONIVEL,2015,11,-7,NAO DISPONIVEL,3,1O GR INC - 1A A 4A SER INC,7,41 A 45 ANOS,M,2,4316.78
-7,NAO DISPONIVEL,-7,NAO DISPONIVEL,-7,NAO DISPONIVEL,-7,NAO DISPONIVEL,-7,NAO DISPONIVEL,-7,NAO DISPONIVEL,-7,NAO DISPONIVEL,2015,12,-7,NAO DISPONIVEL,3,1O GR INC - 1A A 4A SER INC,7,41 A 45 ANOS,M,1,709.27
-7,NAO DISPONIVEL,-7,NAO DISPONIVEL,-7,NAO DISPONIVEL,-7,NAO DISPONIVEL,-7,NAO DISPONIVEL,-7,NAO DISPONIVEL,-7,NAO DISPONIVEL,2015,1,-7,NAO DISPONIVEL,3,1O GR INC - 1A A 4A SER INC,8,46 A 50 ANOS,F,1,2948.35
-7,NAO DISPONIVEL,-7,NAO DISPONIVEL,-7,NAO DISPONIVEL,-7,NAO DISPONIVEL,-7,NAO DISPONIVEL,-7,NAO DISPONIVEL,-7,NAO DISPONIVEL,2015,1,-7,NAO DISPONIVEL,3,1O GR INC - 1A A 4A SER INC,8,46 A 50 ANOS,M,4,7991.98
-7,NAO DISPONIVEL,-7,NAO DISPONIVEL,-7,NAO DISPONIVEL,-7,NAO DISPONIVEL,-7,NAO DISPONIVEL,-7,NAO DISPONIVEL,-7,NAO DISPONIVEL,2015,2,-7,NAO DISPONIVEL,3,1O GR INC - 1A A 4A SER INC,8,46 A 50 ANOS,F,1,2948.35
-7,NAO DISPONIVEL,-7,NAO DISPONIVEL,-7,NAO DISPONIVEL,-7,NAO DISPONIVEL,-7,NAO DISPONIVEL,-7,NAO DISPONIVEL,-7,NAO DISPONIVEL,2015,2,-7,NAO DISPONIVEL,3,1O GR INC - 1A A 4A SER INC,8,46 A 50 ANOS,M,3,6701.97
-7,NAO DISPONIVEL,-7,NAO DISPONIVEL,-7,NAO DISPONIVEL,-7,NAO DISPONIVEL,-7,NAO DISPONIVEL,-7,NAO DISPONIVEL,-7,NAO DISPONIVEL,2015,3,-7,NAO DISPONIVEL,3,1O GR INC - 1A A 4A SER INC,8,46 A 50 ANOS,F,1,2948.35
-7,NAO DISPONIVEL,-7,NAO DISPONIVEL,-7,NAO DISPONIVEL,-7,NAO DISPONIVEL,-7,NAO DISPONIVEL,-7,NAO DISPONIVEL,-7,NAO DISPONIVEL,2015,3,-7,NAO DISPONIVEL,3,1O GR INC - 1A A 4A SER INC,8,46 A 50 ANOS,M,3,6696.76
-7,NAO DISPONIVEL,-7,NAO DISPONIVEL,-7,NAO DISPONIVEL,-7,NAO DISPONIVEL,-7,NAO DISPONIVEL,-7,NAO DISPONIVEL,-7,NAO DISPONIVEL,2015,4,-7,NAO DISPONIVEL,3,1O GR INC - 1A A 4A SER INC,8,46 A 50 ANOS,F,1,2898.4
-7,NAO DISPONIVEL,-7,NAO DISPONIVEL,-7,NAO DISPONIVEL,-7,NAO DISPONIVEL,-7,NAO DISPONIVEL,-7,NAO DISPONIVEL,-7,NAO DISPONIVEL,2015,4,-7,NAO DISPONIVEL,3,1O GR INC - 1A A 4A SER INC,8,46 A 50 ANOS,M,3,6644.66
-7,NAO DISPONIVEL,-7,NAO DISPONIVEL,-7,NAO DISPONIVEL,-7,NAO DISPONIVEL,-7,NAO DISPONIVEL,-7,NAO DISPONIVEL,-7,NAO DISPONIVEL,2015,5,-7,NAO DISPONIVEL,3,1O GR INC - 1A A 4A SER INC,8,46 A 50 ANOS,F,1,2948.35
-7,NAO DISPONIVEL,-7,NAO DISPONIVEL,-7,NAO DISPONIVEL,-7,NAO DISPONIVEL,-7,NAO DISPONIVEL,-7,NAO DISPONIVEL,-7,NAO DISPONIVEL,2015,5,-7,NAO DISPONIVEL,3,1O GR INC - 1A A 4A SER INC,8,46 A 50 ANOS,M,3,6587.46
-7,NAO DISPONIVEL,-7,NAO DISPONIVEL,-7,NAO DISPONIVEL,-7,NAO DISPONIVEL,-7,NAO DISPONIVEL,-7,NAO DISPONIVEL,-7,NAO DISPONIVEL,2015,6,-7,NAO DISPONIVEL,3,1O GR INC - 1A A 4A SER INC,8,46 A 50 ANOS,F,1,2948.35
-7,NAO DISPONIVEL,-7,NAO DISPONIVEL,-7,NAO DISPONIVEL,-7,NAO DISPONIVEL,-7,NAO DISPONIVEL,-7,NAO DISPONIVEL,-7,NAO DISPONIVEL,2015,6,-7,NAO DISPONIVEL,3,1O GR INC - 1A A 4A SER INC,8,46 A 50 ANOS,M,3,6587.46
-7,NAO DISPONIVEL,-7,NAO DISPONIVEL,-7,NAO DISPONIVEL,-7,NAO DISPONIVEL,-7,NAO DISPONIVEL,-7,NAO DISPONIVEL,-7,NAO DISPONIVEL,2015,7,-7,NAO DISPONIVEL,3,1O GR INC - 1A A 4A SER INC,8,46 A 50 ANOS,F,1,2948.35
-7,NAO DISPONIVEL,-7,NAO DISPONIVEL,-7,NAO DISPONIVEL,-7,NAO DISPONIVEL,-7,NAO DISPONIVEL,-7,NAO DISPONIVEL,-7,NAO DISPONIVEL,2015,7,-7,NAO DISPONIVEL,3,1O GR INC - 1A A 4A SER INC,8,46 A 50 ANOS,M,3,6587.46
-7,NAO DISPONIVEL,-7,NAO DISPONIVEL,-7,NAO DISPONIVEL,-7,NAO DISPONIVEL,-7,NAO DISPONIVEL,-7,NAO DISPONIVEL,-7,NAO DISPONIVEL,2015,4,-7,NAO DISPONIVEL,4,1O GR INC - 4A SERIE COMPL,12,ACIMA DE 65 ANOS,M,17,50059.05
-7,NAO DISPONIVEL,-7,NAO DISPONIVEL,-7,NAO DISPONIVEL,-7,NAO DISPONIVEL,-7,NAO DISPONIVEL,-7,NAO DISPONIVEL,-7,NAO DISPONIVEL,2015,5,-7,NAO DISPONIVEL,4,1O GR INC - 4A SERIE COMPL,12,ACIMA DE 65 ANOS,F,4,11607.85
-7,NAO DISPONIVEL,-7,NAO DISPONIVEL,-7,NAO DISPONIVEL,-7,NAO DISPONIVEL,-7,NAO DISPONIVEL,-7,NAO DISPONIVEL,-7,NAO DISPONIVEL,2015,5,-7,NAO DISPONIVEL,4,1O GR INC - 4A SERIE COMPL,12,ACIMA DE 65 ANOS,M,16,40716.07
-7,NAO DISPONIVEL,-7,NAO DISPONIVEL,-7,NAO DISPONIVEL,-7,NAO DISPONIVEL,-7,NAO DISPONIVEL,-7,NAO DISPONIVEL,-7,NAO DISPONIVEL,2015,6,-7,NAO DISPONIVEL,4,1O GR INC - 4A SERIE COMPL,12,ACIMA DE 65 ANOS,F,5,17466.38
-7,NAO DISPONIVEL,-7,NAO DISPONIVEL,-7,NAO DISPONIVEL,-7,NAO DISPONIVEL,-7,NAO DISPONIVEL,-7,NAO DISPONIVEL,-7,NAO DISPONIVEL,2015,6,-7,NAO DISPONIVEL,4,1O GR INC - 4A SERIE COMPL,12,ACIMA DE 65 ANOS,M,16,41161.0
-7,NAO DISPONIVEL,-7,NAO DISPONIVEL,-7,NAO DISPONIVEL,-7,NAO DISPONIVEL,-7,NAO DISPONIVEL,-7,NAO DISPONIVEL,-7,NAO DISPONIVEL,2015,7,-7,NAO DISPONIVEL,4,1O GR INC - 4A SERIE COMPL,12,ACIMA DE 65 ANOS,F,5,17462.95
-7,NAO DISPONIVEL,-7,NAO DISPONIVEL,-7,NAO DISPONIVEL,-7,NAO DISPONIVEL,-7,NAO DISPONIVEL,-7,NAO DISPONIVEL,-7,NAO DISPONIVEL,2015,7,-7,NAO DISPONIVEL,4,1O GR INC - 4A SERIE COMPL,12,ACIMA DE 65 ANOS,M,16,40468.83
-7,NAO DISPONIVEL,-7,NAO DISPONIVEL,-7,NAO DISPONIVEL,-7,NAO DISPONIVEL,-7,NAO DISPONIVEL,-7,NAO DISPONIVEL,-7,NAO DISPONIVEL,2015,8,-7,NAO DISPONIVEL,4,1O GR INC - 4A SERIE COMPL,12,ACIMA DE 65 ANOS,F,5,17872.36
-7,NAO DISPONIVEL,-7,NAO DISPONIVEL,-7,NAO DISPONIVEL,-7,NAO DISPONIVEL,-7,NAO DISPONIVEL,-7,NAO DISPONIVEL,-7,NAO DISPONIVEL,2015,8,-7,NAO DISPONIVEL,4,1O GR INC - 4A SERIE COMPL,12,ACIMA DE 65 ANOS,M,16,40504.52
-7,NAO DISPONIVEL,-7,NAO DISPONIVEL,-7,NAO DISPONIVEL,-7,NAO DISPONIVEL,-7,NAO DISPONIVEL,-7,NAO DISPONIVEL,-7,NAO DISPONIVEL,2015,9,-7,NAO DISPONIVEL,4,1O GR INC - 4A SERIE COMPL,12,ACIMA DE 65 ANOS,F,5,18069.08
-7,NAO DISPONIVEL,-7,NAO DISPONIVEL,-7,NAO DISPONIVEL,-7,NAO DISPONIVEL,-7,NAO DISPONIVEL,-7,NAO DISPONIVEL,-7,NAO DISPONIVEL,2015,9,-7,NAO DISPONIVEL,4,1O GR INC - 4A SERIE COMPL,12,ACIMA DE 65 ANOS,M,16,45543.77
-7,NAO DISPONIVEL,-7,NAO DISPONIVEL,-7,NAO DISPONIVEL,-7,NAO DISPONIVEL,-7,NAO DISPONIVEL,-7,NAO DISPONIVEL,-7,NAO DISPONIVEL,2015,10,-7,NAO DISPONIVEL,4,1O GR INC - 4A SERIE COMPL,12,ACIMA DE 65 ANOS,F,5,23113.51
-7,NAO DISPONIVEL,-7,NAO DISPONIVEL,-7,NAO DISPONIVEL,-7,NAO DISPONIVEL,-7,NAO DISPONIVEL,-7,NAO DISPONIVEL,-7,NAO DISPONIVEL,2015,10,-7,NAO DISPONIVEL,4,1O GR INC - 4A SERIE COMPL,12,ACIMA DE 65 ANOS,M,17,46527.54
-7,NAO DISPONIVEL,-7,NAO DISPONIVEL,-7,NAO DISPONIVEL,-7,NAO DISPONIVEL,-7,NAO DISPONIVEL,-7,NAO DISPONIVEL,-7,NAO DISPONIVEL,2015,11,-7,NAO DISPONIVEL,4,1O GR INC - 4A SERIE COMPL,12,ACIMA DE 65 ANOS,F,5,25358.69
-7,NAO DISPONIVEL,-7,NAO DISPONIVEL,-7,NAO DISPONIVEL,-7,NAO DISPONIVEL,-7,NAO DISPONIVEL,-7,NAO DISPONIVEL,-7,NAO DISPONIVEL,2015,11,-7,NAO DISPONIVEL,4,1O GR INC - 4A SERIE COMPL,12,ACIMA DE 65 ANOS,M,19,47616.11
-7,NAO DISPONIVEL,-7,NAO DISPONIVEL,-7,NAO DISPONIVEL,-7,NAO DISPONIVEL,-7,NAO DISPONIVEL,-7,NAO DISPONIVEL,-7,NAO DISPONIVEL,2015,12,-7,NAO DISPONIVEL,4,1O GR INC - 4A SERIE COMPL,12,ACIMA DE 65 ANOS,F,5,20030.89
-7,NAO DISPONIVEL,-7,NAO DISPONIVEL,-7,NAO DISPONIVEL,-7,NAO DISPONIVEL,-7,NAO DISPONIVEL,-7,NAO DISPONIVEL,-7,NAO DISPONIVEL,2015,12,-7,NAO DISPONIVEL,4,1O GR INC - 4A SERIE COMPL,12,ACIMA DE 65 ANOS,M,19,55323.24
-7,NAO DISPONIVEL,-7,NAO DISPONIVEL,-7,NAO DISPONIVEL,-7,NAO DISPONIVEL,-7,NAO DISPONIVEL,-7,NAO DISPONIVEL,-7,NAO DISPONIVEL,2015,1,-7,NAO DISPONIVEL,5,1O GR INC - 5A A 8A SER INC,2,15 A 18 ANOS,M,2,2780.71
-7,NAO DISPONIVEL,-7,NAO DISPONIVEL,-7,NAO DISPONIVEL,-7,NAO DISPONIVEL,-7,NAO DISPONIVEL,-7,NAO DISPONIVEL,-7,NAO DISPONIVEL,2015,2,-7,NAO DISPONIVEL,5,1O GR INC - 5A A 8A SER INC,2,15 A 18 ANOS,M,2,2912.71
-7,NAO DISPONIVEL,-7,NAO DISPONIVEL,-7,NAO DISPONIVEL,-7,NAO DISPONIVEL,-7,NAO DISPONIVEL,-7,NAO DISPONIVEL,-7,NAO DISPONIVEL,2015,3,-7,NAO DISPONIVEL,5,1O GR INC - 5A A 8A SER INC,2,15 A 18 ANOS,M,2,2912.71
-7,NAO DISPONIVEL,-7,NAO DISPONIVEL,-7,NAO DISPONIVEL,-7,NAO DISPONIVEL,-7,NAO DISPONIVEL,-7,NAO DISPONIVEL,-7,NAO DISPONIVEL,2015,4,-7,NAO DISPONIVEL,5,1O GR INC - 5A A 8A SER INC,2,15 A 18 ANOS,M,1,1324.8
-7,NAO DISPONIVEL,-7,NAO DISPONIVEL,-7,NAO DISPONIVEL,-7,NAO DISPONIVEL,-7,NAO DISPONIVEL,-7,NAO DISPONIVEL,-7,NAO DISPONIVEL,2015,5,-7,NAO DISPONIVEL,5,1O GR INC - 5A A 8A SER INC,2,15 A 18 ANOS,M,1,1324.8
-7,NAO DISPONIVEL,-7,NAO DISPONIVEL,-7,NAO DISPONIVEL,-7,NAO DISPONIVEL,-7,NAO DISPONIVEL,-7,NAO DISPONIVEL,-7,NAO DISPONIVEL,2015,6,-7,NAO DISPONIVEL,5,1O GR INC - 5A A 8A SER INC,2,15 A 18 ANOS,M,1,1363.33
-7,NAO DISPONIVEL,-7,NAO DISPONIVEL,-7,NAO DISPONIVEL,-7,NAO DISPONIVEL,-7,NAO DISPONIVEL,-7,NAO DISPONIVEL,-7,NAO DISPONIVEL,2015,7,-7,NAO DISPONIVEL,5,1O GR INC - 5A A 8A SER INC,2,15 A 18 ANOS,M,1,1363.33
-7,NAO DISPONIVEL,-7,NAO DISPONIVEL,-7,NAO DISPONIVEL,-7,NAO DISPONIVEL,-7,NAO DISPONIVEL,-7,NAO DISPONIVEL,-7,NAO DISPONIVEL,2015,1,-7,NAO DISPONIVEL,5,1O GR INC - 5A A 8A SER INC,3,19 A 25 ANOS,F,9,39953.23
-7,NAO DISPONIVEL,-7,NAO DISPONIVEL,-7,NAO DISPONIVEL,-7,NAO DISPONIVEL,-7,NAO DISPONIVEL,-7,NAO DISPONIVEL,-7,NAO DISPONIVEL,2015,1,-7,NAO DISPONIVEL,5,1O GR INC - 5A A 8A SER INC,3,19 A 25 ANOS,M,63,149658.26
-7,NAO DISPONIVEL,-7,NAO DISPONIVEL,-7,NAO DISPONIVEL,-7,NAO DISPONIVEL,-7,NAO DISPONIVEL,-7,NAO DISPONIVEL,-7,NAO DISPONIVEL,2015,2,-7,NAO DISPONIVEL,5,1O GR INC - 5A A 8A SER INC,3,19 A 25 ANOS,F,9,39200.04
-7,NAO DISPONIVEL,-7,NAO DISPONIVEL,-7,NAO DISPONIVEL,-7,NAO DISPONIVEL,-7,NAO DISPONIVEL,-7,NAO DISPONIVEL,-7,NAO DISPONIVEL,2015,2,-7,NAO DISPONIVEL,5,1O GR INC - 5A A 8A SER INC,3,19 A 25 ANOS,M,42,116497.35
-7,NAO DISPONIVEL,-7,NAO DISPONIVEL,-7,NAO DISPONIVEL,-7,NAO DISPONIVEL,-7,NAO DISPONIVEL,-7,NAO DISPONIVEL,-7,NAO DISPONIVEL,2015,3,-7,NAO DISPONIVEL,5,1O GR INC - 5A A 8A SER INC,3,19 A 25 ANOS,F,9,41872.05
-7,NAO DISPONIVEL,-7,NAO DISPONIVEL,-7,NAO DISPONIVEL,-7,NAO DISPONIVEL,-7,NAO DISPONIVEL,-7,NAO DISPONIVEL,-7,NAO DISPONIVEL,2015,3,-7,NAO DISPONIVEL,5,1O GR INC - 5A A 8A SER INC,3,19 A 25 ANOS,M,42,124276.92
-7,NAO DISPONIVEL,-7,NAO DISPONIVEL,-7,NAO DISPONIVEL,-7,NAO DISPONIVEL,-7,NAO DISPONIVEL,-7,NAO DISPONIVEL,-7,NAO DISPONIVEL,2015,4,-7,NAO DISPONIVEL,5,1O GR INC - 5A A 8A SER INC,3,19 A 25 ANOS,F,7,38176.29
-7,NAO DISPONIVEL,-7,NAO DISPONIVEL,-7,NAO DISPONIVEL,-7,NAO DISPONIVEL,-7,NAO DISPONIVEL,-7,NAO DISPONIVEL,-7,NAO DISPONIVEL,2015,4,-7,NAO DISPONIVEL,5,1O GR INC - 5A A 8A SER INC,3,19 A 25 ANOS,M,30,137713.74
-7,NAO DISPONIVEL,-7,NAO DISPONIVEL,-7,NAO DISPONIVEL,-7,NAO DISPONIVEL,-7,NAO DISPONIVEL,-7,NAO DISPONIVEL,-7,NAO DISPONIVEL,2015,11,-7,NAO DISPONIVEL,7,2O GR INCOMPLETO,10,56 A 60 ANOS,F,603,3313063.02
-7,NAO DISPONIVEL,-7,NAO DISPONIVEL,-7,NAO DISPONIVEL,-7,NAO DISPONIVEL,-7,NAO DISPONIVEL,-7,NAO DISPONIVEL,-7,NAO DISPONIVEL,2015,11,-7,NAO DISPONIVEL,7,2O GR INCOMPLETO,10,56 A 60 ANOS,M,508,4063679.97
-7,NAO DISPONIVEL,-7,NAO DISPONIVEL,-7,NAO DISPONIVEL,-7,NAO DISPONIVEL,-7,NAO DISPONIVEL,-7,NAO DISPONIVEL,-7,NAO DISPONIVEL,2015,12,-7,NAO DISPONIVEL,7,2O GR INCOMPLETO,10,56 A 60 ANOS,F,612,4027057.75
-7,NAO DISPONIVEL,-7,NAO DISPONIVEL,-7,NAO DISPONIVEL,-7,NAO DISPONIVEL,-7,NAO DISPONIVEL,-7,NAO DISPONIVEL,-7,NAO DISPONIVEL,2015,12,-7,NAO DISPONIVEL,7,2O GR INCOMPLETO,10,56 A 60 ANOS,M,511,4737063.24
-7,NAO DISPONIVEL,-7,NAO DISPONIVEL,-7,NAO DISPONIVEL,-7,NAO DISPONIVEL,-7,NAO DISPONIVEL,-7,NAO DISPONIVEL,-7,NAO DISPONIVEL,2015,1,-7,NAO DISPONIVEL,7,2O GR INCOMPLETO,11,61 A 65 ANOS,F,185,862017.66
-7,NAO DISPONIVEL,-7,NAO DISPONIVEL,-7,NAO DISPONIVEL,-7,NAO DISPONIVEL,-7,NAO DISPONIVEL,-7,NAO DISPONIVEL,-7,NAO DISPONIVEL,2015,1,-7,NAO DISPONIVEL,7,2O GR INCOMPLETO,11,61 A 65 ANOS,M,191,1039133.25
-7,NAO DISPONIVEL,-7,NAO DISPONIVEL,-7,NAO DISPONIVEL,-7,NAO DISPONIVEL,-7,NAO DISPONIVEL,-7,NAO DISPONIVEL,-7,NAO DISPONIVEL,2015,2,-7,NAO DISPONIVEL,7,2O GR INCOMPLETO,11,61 A 65 ANOS,F,182,780991.38
-7,NAO DISPONIVEL,-7,NAO DISPONIVEL,-7,NAO DISPONIVEL,-7,NAO DISPONIVEL,-7,NAO DISPONIVEL,-7,NAO DISPONIVEL,-7,NAO DISPONIVEL,2015,2,-7,NAO DISPONIVEL,7,2O GR INCOMPLETO,11,61 A 65 ANOS,M,192,1116610.58
-7,NAO DISPONIVEL,-7,NAO DISPONIVEL,-7,NAO DISPONIVEL,-7,NAO DISPONIVEL,-7,NAO DISPONIVEL,-7,NAO DISPONIVEL,-7,NAO DISPONIVEL,2015,3,-7,NAO DISPONIVEL,7,2O GR INCOMPLETO,11,61 A 65 ANOS,F,188,825700.0
-7,NAO DISPONIVEL,-7,NAO DISPONIVEL,-7,NAO DISPONIVEL,-7,NAO DISPONIVEL,-7,NAO DISPONIVEL,-7,NAO DISPONIVEL,-7,NAO DISPONIVEL,2015,3,-7,NAO DISPONIVEL,7,2O GR INCOMPLETO,11,61 A 65 ANOS,M,193,973484.19
-7,NAO DISPONIVEL,-7,NAO DISPONIVEL,-7,NAO DISPONIVEL,-7,NAO DISPONIVEL,-7,NAO DISPONIVEL,-7,NAO DISPONIVEL,-7,NAO DISPONIVEL,2015,4,-7,NAO DISPONIVEL,7,2O GR INCOMPLETO,11,61 A 65 ANOS,F,191,868682.55
-7,NAO DISPONIVEL,-7,NAO DISPONIVEL,-7,NAO DISPONIVEL,-7,NAO DISPONIVEL,-7,NAO DISPONIVEL,-7,NAO DISPONIVEL,-7,NAO DISPONIVEL,2015,4,-7,NAO DISPONIVEL,7,2O GR INCOMPLETO,11,61 A 65 ANOS,M,200,1064491.82
-7,NAO DISPONIVEL,-7,NAO DISPONIVEL,-7,NAO DISPONIVEL,-7,NAO DISPONIVEL,-7,NAO DISPONIVEL,-7,NAO DISPONIVEL,-7,NAO DISPONIVEL,2015,5,-7,NAO DISPONIVEL,7,2O GR INCOMPLETO,11,61 A 65 ANOS,F,199,877979.96
-7,NAO DISPONIVEL,-7,NAO DISPONIVEL,-7,NAO DISPONIVEL,-7,NAO DISPONIVEL,-7,NAO DISPONIVEL,-7,NAO DISPONIVEL,-7,NAO DISPONIVEL,2015,5,-7,NAO DISPONIVEL,7,2O GR INCOMPLETO,11,61 A 65 ANOS,M,203,1154761.68
-7,NAO DISPONIVEL,-7,NAO DISPONIVEL,-7,NAO DISPONIVEL,-7,NAO DISPONIVEL,-7,NAO DISPONIVEL,-7,NAO DISPONIVEL,-7,NAO DISPONIVEL,2015,6,-7,NAO DISPONIVEL,7,2O GR INCOMPLETO,11,61 A 65 ANOS,F,205,1012343.15
-7,NAO DISPONIVEL,-7,NAO DISPONIVEL,-7,NAO DISPONIVEL,-7,NAO DISPONIVEL,-7,NAO DISPONIVEL,-7,NAO DISPONIVEL,-7,NAO DISPONIVEL,2015,6,-7,NAO DISPONIVEL,7,2O GR INCOMPLETO,11,61 A 65 ANOS,M,201,1169492.84
-7,NAO DISPONIVEL,-7,NAO DISPONIVEL,-7,NAO DISPONIVEL,-7,NAO DISPONIVEL,-7,NAO DISPONIVEL,-7,NAO DISPONIVEL,-7,NAO DISPONIVEL,2015,7,-7,NAO DISPONIVEL,7,2O GR INCOMPLETO,11,61 A 65 ANOS,F,210,934910.66
-7,NAO DISPONIVEL,-7,NAO DISPONIVEL,-7,NAO DISPONIVEL,-7,NAO DISPONIVEL,-7,NAO DISPONIVEL,-7,NAO DISPONIVEL,-7,NAO DISPONIVEL,2015,7,-7,NAO DISPONIVEL,7,2O GR INCOMPLETO,11,61 A 65 ANOS,M,202,1091852.69
-7,NAO DISPONIVEL,-7,NAO DISPONIVEL,-7,NAO DISPONIVEL,-7,NAO DISPONIVEL,-7,NAO DISPONIVEL,-7,NAO DISPONIVEL,-7,NAO DISPONIVEL,2015,8,-7,NAO DISPONIVEL,7,2O GR INCOMPLETO,11,61 A 65 ANOS,F,220,1035392.33
-7,NAO DISPONIVEL,-7,NAO DISPONIVEL,-7,NAO DISPONIVEL,-7,NAO DISPONIVEL,-7,NAO DISPONIVEL,-7,NAO DISPONIVEL,-7,NAO DISPONIVEL,2015,8,-7,NAO DISPONIVEL,7,2O GR INCOMPLETO,11,61 A 65 ANOS,M,205,1191913.06
-7,NAO DISPONIVEL,-7,NAO DISPONIVEL,-7,NAO DISPONIVEL,-7,NAO DISPONIVEL,-7,NAO DISPONIVEL,-7,NAO DISPONIVEL,-7,NAO DISPONIVEL,2015,2,-7,NAO DISPONIVEL,7,2O GR INCOMPLETO,7,41 A 45 ANOS,M,31,146663.4
-7,NAO DISPONIVEL,-7,NAO DISPONIVEL,-7,NAO DISPONIVEL,-7,NAO DISPONIVEL,-7,NAO DISPONIVEL,-7,NAO DISPONIVEL,-7,NAO DISPONIVEL,2015,3,-7,NAO DISPONIVEL,7,2O GR INCOMPLETO,7,41 A 45 ANOS,F,8,39235.51
-7,NAO DISPONIVEL,-7,NAO DISPONIVEL,-7,NAO DISPONIVEL,-7,NAO DISPONIVEL,-7,NAO DISPONIVEL,-7,NAO DISPONIVEL,-7,NAO DISPONIVEL,2015,3,-7,NAO DISPONIVEL,7,2O GR INCOMPLETO,7,41 A 45 ANOS,M,31,154365.76
-7,NAO DISPONIVEL,-7,NAO DISPONIVEL,-7,NAO DISPONIVEL,-7,NAO DISPONIVEL,-7,NAO DISPONIVEL,-7,NAO DISPONIVEL,-7,NAO DISPONIVEL,2015,4,-7,NAO DISPONIVEL,7,2O GR INCOMPLETO,7,41 A 45 ANOS,F,8,28914.37
-7,NAO DISPONIVEL,-7,NAO DISPONIVEL,-7,NAO DISPONIVEL,-7,NAO DISPONIVEL,-7,NAO DISPONIVEL,-7,NAO DISPONIVEL,-7,NAO DISPONIVEL,2015,4,-7,NAO DISPONIVEL,7,2O GR INCOMPLETO,7,41 A 45 ANOS,M,30,161232.17
-7,NAO DISPONIVEL,-7,NAO DISPONIVEL,-7,NAO DISPONIVEL,-7,NAO DISPONIVEL,-7,NAO DISPONIVEL,-7,NAO DISPONIVEL,-7,NAO DISPONIVEL,2015,5,-7,NAO DISPONIVEL,7,2O GR INCOMPLETO,7,41 A 45 ANOS,F,7,31556.61
-7,NAO DISPONIVEL,-7,NAO DISPONIVEL,-7,NAO DISPONIVEL,-7,NAO DISPONIVEL,-7,NAO DISPONIVEL,-7,NAO DISPONIVEL,-7,NAO DISPONIVEL,2015,5,-7,NAO DISPONIVEL,7,2O GR INCOMPLETO,7,41 A 45 ANOS,M,30,180030.29
-7,NAO DISPONIVEL,-7,NAO DISPONIVEL,-7,NAO DISPONIVEL,-7,NAO DISPONIVEL,-7,NAO DISPONIVEL,-7,NAO DISPONIVEL,-7,NAO DISPONIVEL,2015,6,-7,NAO DISPONIVEL,7,2O GR INCOMPLETO,7,41 A 45 ANOS,F,7,33168.13
-7,NAO DISPONIVEL,-7,NAO DISPONIVEL,-7,NAO DISPONIVEL,-7,NAO DISPONIVEL,-7,NAO DISPONIVEL,-7,NAO DISPONIVEL,-7,NAO DISPONIVEL,2015,6,-7,NAO DISPONIVEL,7,2O GR INCOMPLETO,7,41 A 45 ANOS,M,33,159933.75
-7,NAO DISPONIVEL,-7,NAO DISPONIVEL,-7,NAO DISPONIVEL,-7,NAO DISPONIVEL,-7,NAO DISPONIVEL,-7,NAO DISPONIVEL,-7,NAO DISPONIVEL,2015,7,-7,NAO DISPONIVEL,7,2O GR INCOMPLETO,7,41 A 45 ANOS,F,7,38789.09
-7,NAO DISPONIVEL,-7,NAO DISPONIVEL,-7,NAO DISPONIVEL,-7,NAO DISPONIVEL,-7,NAO DISPONIVEL,-7,NAO DISPONIVEL,-7,NAO DISPONIVEL,2015,7,-7,NAO DISPONIVEL,7,2O GR INCOMPLETO,7,41 A 45 ANOS,M,35,160291.4
-7,NAO DISPONIVEL,-7,NAO DISPONIVEL,-7,NAO DISPONIVEL,-7,NAO DISPONIVEL,-7,NAO DISPONIVEL,-7,NAO DISPONIVEL,-7,NAO DISPONIVEL,2015,8,-7,NAO DISPONIVEL,7,2O GR INCOMPLETO,7,41 A 45 ANOS,F,8,32340.51
-7,NAO DISPONIVEL,-7,NAO DISPONIVEL,-7,NAO DISPONIVEL,-7,NAO DISPONIVEL,-7,NAO DISPONIVEL,-7,NAO DISPONIVEL,-7,NAO DISPONIVEL,2015,8,-7,NAO DISPONIVEL,7,2O GR INCOMPLETO,7,41 A 45 ANOS,M,38,169061.27
-7,NAO DISPONIVEL,-7,NAO DISPONIVEL,-7,NAO DISPONIVEL,-7,NAO DISPONIVEL,-7,NAO DISPONIVEL,-7,NAO DISPONIVEL,-7,NAO DISPONIVEL,2015,9,-7,NAO DISPONIVEL,7,2O GR INCOMPLETO,7,41 A 45 ANOS,F,8,39596.79
-7,NAO DISPONIVEL,-7,NAO DISPONIVEL,-7,NAO DISPONIVEL,-7,NAO DISPONIVEL,-7,NAO DISPONIVEL,-7,NAO DISPONIVEL,-7,NAO DISPONIVEL,2015,11,-7,NAO DISPONIVEL,9,SUPERIOR INCOMPLETO,10,56 A 60 ANOS,M,151,1697837.73
-7,NAO DISPONIVEL,-7,NAO DISPONIVEL,-7,NAO DISPONIVEL,-7,NAO DISPONIVEL,-7,NAO DISPONIVEL,-7,NAO DISPONIVEL,-7,NAO DISPONIVEL,2015,12,-7,NAO DISPONIVEL,9,SUPERIOR INCOMPLETO,10,56 A 60 ANOS,F,197,1527656.87
-7,NAO DISPONIVEL,-7,NAO DISPONIVEL,-7,NAO DISPONIVEL,-7,NAO DISPONIVEL,-7,NAO DISPONIVEL,-7,NAO DISPONIVEL,-7,NAO DISPONIVEL,2015,12,-7,NAO DISPONIVEL,9,SUPERIOR INCOMPLETO,10,56 A 60 ANOS,M,156,2044085.03
-7,NAO DISPONIVEL,-7,NAO DISPONIVEL,-7,NAO DISPONIVEL,-7,NAO DISPONIVEL,-7,NAO DISPONIVEL,-7,NAO DISPONIVEL,-7,NAO DISPONIVEL,2015,1,-7,NAO DISPONIVEL,9,SUPERIOR INCOMPLETO,11,61 A 65 ANOS,F,66,387119.35
-7,NAO DISPONIVEL,-7,NAO DISPONIVEL,-7,NAO DISPONIVEL,-7,NAO DISPONIVEL,-7,NAO DISPONIVEL,-7,NAO DISPONIVEL,-7,NAO DISPONIVEL,2015,1,-7,NAO DISPONIVEL,9,SUPERIOR INCOMPLETO,11,61 A 65 ANOS,M,50,362775.3
-7,NAO DISPONIVEL,-7,NAO DISPONIVEL,-7,NAO DISPONIVEL,-7,NAO DISPONIVEL,-7,NAO DISPONIVEL,-7,NAO DISPONIVEL,-7,NAO DISPONIVEL,2015,2,-7,NAO DISPONIVEL,9,SUPERIOR INCOMPLETO,11,61 A 65 ANOS,F,68,369506.48
-7,NAO DISPONIVEL,-7,NAO DISPONIVEL,-7,NAO DISPONIVEL,-7,NAO DISPONIVEL,-7,NAO DISPONIVEL,-7,NAO DISPONIVEL,-7,NAO DISPONIVEL,2015,2,-7,NAO DISPONIVEL,9,SUPERIOR INCOMPLETO,11,61 A 65 ANOS,M,53,470375.92
-7,NAO DISPONIVEL,-7,NAO DISPONIVEL,-7,NAO DISPONIVEL,-7,NAO DISPONIVEL,-7,NAO DISPONIVEL,-7,NAO DISPONIVEL,-7,NAO DISPONIVEL,2015,3,-7,NAO DISPONIVEL,9,SUPERIOR INCOMPLETO,11,61 A 65 ANOS,F,71,377676.29
-7,NAO DISPONIVEL,-7,NAO DISPONIVEL,-7,NAO DISPONIVEL,-7,NAO DISPONIVEL,-7,NAO DISPONIVEL,-7,NAO DISPONIVEL,-7,NAO DISPONIVEL,2015,3,-7,NAO DISPONIVEL,9,SUPERIOR INCOMPLETO,11,61 A 65 ANOS,M,56,408530.81
-7,NAO DISPONIVEL,-7,NAO DISPONIVEL,-7,NAO DISPONIVEL,-7,NAO DISPONIVEL,-7,NAO DISPONIVEL,-7,NAO DISPONIVEL,-7,NAO DISPONIVEL,2015,4,-7,NAO DISPONIVEL,9,SUPERIOR INCOMPLETO,11,61 A 65 ANOS,F,73,445975.97
-7,NAO DISPONIVEL,-7,NAO DISPONIVEL,-7,NAO DISPONIVEL,-7,NAO DISPONIVEL,-7,NAO DISPONIVEL,-7,NAO DISPONIVEL,-7,NAO DISPONIVEL,2015,4,-7,NAO DISPONIVEL,9,SUPERIOR INCOMPLETO,11,61 A 65 ANOS,M,57,461446.04
-7,NAO DISPONIVEL,-7,NAO DISPONIVEL,-7,NAO DISPONIVEL,-7,NAO DISPONIVEL,-7,NAO DISPONIVEL,-7,NAO DISPONIVEL,-7,NAO DISPONIVEL,2015,5,-7,NAO DISPONIVEL,9,SUPERIOR INCOMPLETO,11,61 A 65 ANOS,F,75,399800.02
-7,NAO DISPONIVEL,-7,NAO DISPONIVEL,-7,NAO DISPONIVEL,-7,NAO DISPONIVEL,-7,NAO DISPONIVEL,-7,NAO DISPONIVEL,-7,NAO DISPONIVEL,2015,5,-7,NAO DISPONIVEL,9,SUPERIOR INCOMPLETO,11,61 A 65 ANOS,M,61,536874.92
-7,NAO DISPONIVEL,-7,NAO DISPONIVEL,-7,NAO DISPONIVEL,-7,NAO DISPONIVEL,-7,NAO DISPONIVEL,-7,NAO DISPONIVEL,-7,NAO DISPONIVEL,2015,6,-7,NAO DISPONIVEL,9,SUPERIOR INCOMPLETO,11,61 A 65 ANOS,F,79,445642.31
-7,NAO DISPONIVEL,-7,NAO DISPONIVEL,-7,NAO DISPONIVEL,-7,NAO DISPONIVEL,-7,NAO DISPONIVEL,-7,NAO DISPONIVEL,-7,NAO DISPONIVEL,2015,6,-7,NAO DISPONIVEL,9,SUPERIOR INCOMPLETO,11,61 A 65 ANOS,M,59,511693.37
-7,NAO DISPONIVEL,-7,NAO DISPONIVEL,-7,NAO DISPONIVEL,-7,NAO DISPONIVEL,-7,NAO DISPONIVEL,-7,NAO DISPONIVEL,-7,NAO DISPONIVEL,2015,7,-7,NAO DISPONIVEL,9,SUPERIOR INCOMPLETO,11,61 A 65 ANOS,F,83,440179.17
-7,NAO DISPONIVEL,-7,NAO DISPONIVEL,-7,NAO DISPONIVEL,-7,NAO DISPONIVEL,-7,NAO DISPONIVEL,-7,NAO DISPONIVEL,-7,NAO DISPONIVEL,2015,7,-7,NAO DISPONIVEL,9,SUPERIOR INCOMPLETO,11,61 A 65 ANOS,M,63,485416.37
-7,NAO DISPONIVEL,-7,NAO DISPONIVEL,-7,NAO DISPONIVEL,-7,NAO DISPONIVEL,-7,NAO DISPONIVEL,-7,NAO DISPONIVEL,-7,NAO DISPONIVEL,2015,8,-7,NAO DISPONIVEL,9,SUPERIOR INCOMPLETO,11,61 A 65 ANOS,F,81,425725.73
-7,NAO DISPONIVEL,-7,NAO DISPONIVEL,-7,NAO DISPONIVEL,-7,NAO DISPONIVEL,-7,NAO DISPONIVEL,-7,NAO DISPONIVEL,-7,NAO DISPONIVEL,2015,8,-7,NAO DISPONIVEL,9,SUPERIOR INCOMPLETO,11,61 A 65 ANOS,M,65,535076.58
-7,NAO DISPONIVEL,-7,NAO DISPONIVEL,-7,NAO DISPONIVEL,-7,NAO DISPONIVEL,-7,NAO DISPONIVEL,-7,NAO DISPONIVEL,-7,NAO DISPONIVEL,2015,9,-7,NAO DISPONIVEL,9,SUPERIOR INCOMPLETO,11,61 A 65 ANOS,F,79,444429.48
-7,NAO DISPONIVEL,-7,NAO DISPONIVEL,-7,NAO DISPONIVEL,-7,NAO DISPONIVEL,-7,NAO DISPONIVEL,-7,NAO DISPONIVEL,-7,NAO DISPONIVEL,2015,9,-7,NAO DISPONIVEL,9,SUPERIOR INCOMPLETO,11,61 A 65 ANOS,M,65,554070.73
-7,NAO DISPONIVEL,-7,NAO DISPONIVEL,-7,NAO DISPONIVEL,-7,NAO DISPONIVEL,-7,NAO DISPONIVEL,-7,NAO DISPONIVEL,-7,NAO DISPONIVEL,2015,10,-7,NAO DISPONIVEL,9,SUPERIOR INCOMPLETO,11,61 A 65 ANOS,F,81,457943.26
-7,NAO DISPONIVEL,-7,NAO DISPONIVEL,-7,NAO DISPONIVEL,-7,NAO DISPONIVEL,-7,NAO DISPONIVEL,-7,NAO DISPONIVEL,-7,NAO DISPONIVEL,2015,10,-7,NAO DISPONIVEL,9,SUPERIOR INCOMPLETO,11,61 A 65 ANOS,M,66,559180.3
-7,NAO DISPONIVEL,-7,NAO DISPONIVEL,-7,NAO DISPONIVEL,-7,NAO DISPONIVEL,-7,NAO DISPONIVEL,-7,NAO DISPONIVEL,-7,NAO DISPONIVEL,2015,11,-7,NAO DISPONIVEL,9,SUPERIOR INCOMPLETO,11,61 A 65 ANOS,F,84,546761.65
-7,NAO DISPONIVEL,-7,NAO DISPONIVEL,-7,NAO DISPONIVEL,-7,NAO DISPONIVEL,-7,NAO DISPONIVEL,-7,NAO DISPONIVEL,-7,NAO DISPONIVEL,2015,11,-7,NAO DISPONIVEL,9,SUPERIOR INCOMPLETO,11,61 A 65 ANOS,M,64,599366.53
-7,NAO DISPONIVEL,-7,NAO DISPONIVEL,-7,NAO DISPONIVEL,-7,NAO DISPONIVEL,-7,NAO DISPONIVEL,-7,NAO DISPONIVEL,-7,NAO DISPONIVEL,2015,12,-7,NAO DISPONIVEL,9,SUPERIOR INCOMPLETO,11,61 A 65 ANOS,F,85,623601.21
-7,NAO DISPONIVEL,-7,NAO DISPONIVEL,-7,NAO DISPONIVEL,-7,NAO DISPONIVEL,-7,NAO DISPONIVEL,-7,NAO DISPONIVEL,-7,NAO DISPONIVEL,2015,12,-7,NAO DISPONIVEL,9,SUPERIOR INCOMPLETO,11,61 A 65 ANOS,M,63,713572.79
-7,NAO DISPONIVEL,-7,NAO DISPONIVEL,-7,NAO DISPONIVEL,-7,NAO DISPONIVEL,-7,NAO DISPONIVEL,-7,NAO DISPONIVEL,-7,NAO DISPONIVEL,2015,1,-7,NAO DISPONIVEL,9,SUPERIOR INCOMPLETO,12,ACIMA DE 65 ANOS,F,21,118173.27
-7,NAO DISPONIVEL,-7,NAO DISPONIVEL,-7,NAO DISPONIVEL,-7,NAO DISPONIVEL,-7,NAO DISPONIVEL,-7,NAO DISPONIVEL,-7,NAO DISPONIVEL,2015,1,-7,NAO DISPONIVEL,9,SUPERIOR INCOMPLETO,12,ACIMA DE 65 ANOS,M,33,232486.07
-7,NAO DISPONIVEL,-7,NAO DISPONIVEL,-7,NAO DISPONIVEL,-7,NAO DISPONIVEL,-7,NAO DISPONIVEL,-7,NAO DISPONIVEL,-7,NAO DISPONIVEL,2015,2,-7,NAO DISPONIVEL,9,SUPERIOR INCOMPLETO,12,ACIMA DE 65 ANOS,F,21,139180.39
-7,NAO DISPONIVEL,-7,NAO DISPONIVEL,-7,NAO DISPONIVEL,-7,NAO DISPONIVEL,-7,NAO DISPONIVEL,-7,NAO DISPONIVEL,-7,NAO DISPONIVEL,2015,2,-7,NAO DISPONIVEL,9,SUPERIOR INCOMPLETO,12,ACIMA DE 65 ANOS,M,33,254724.75
-7,NAO DISPONIVEL,-7,NAO DISPONIVEL,-7,NAO DISPONIVEL,-7,NAO DISPONIVEL,-7,NAO DISPONIVEL,-7,NAO DISPONIVEL,-7,NAO DISPONIVEL,2015,3,-7,NAO DISPONIVEL,9,SUPERIOR INCOMPLETO,12,ACIMA DE 65 ANOS,F,20,135742.16
-7,NAO DISPONIVEL,-7,NAO DISPONIVEL,-7,NAO DISPONIVEL,-7,NAO DISPONIVEL,-7,NAO DISPONIVEL,-7,NAO DISPONIVEL,-7,NAO DISPONIVEL,2015,3,-7,NAO DISPONIVEL,9,SUPERIOR INCOMPLETO,12,ACIMA DE 65 ANOS,M,32,242994.86
-7,NAO DISPONIVEL,-7,NAO DISPONIVEL,-7,NAO DISPONIVEL,-7,NAO DISPONIVEL,-7,NAO DISPONIVEL,-7,NAO DISPONIVEL,-7,NAO DISPONIVEL,2015,4,-7,NAO DISPONIVEL,9,SUPERIOR INCOMPLETO,12,ACIMA DE 65 ANOS,F,21,141088.58
-7,NAO DISPONIVEL,-7,NAO DISPONIVEL,-7,NAO DISPONIVEL,-7,NAO DISPONIVEL,-7,NAO DISPONIVEL,-7,NAO DISPONIVEL,-7,NAO DISPONIVEL,2015,8,-7,NAO DISPONIVEL,3,1O GR INC - 1A A 4A SER INC,8,46 A 50 ANOS,F,1,2948.35
-7,NAO DISPONIVEL,-7,NAO DISPONIVEL,-7,NAO DISPONIVEL,-7,NAO DISPONIVEL,-7,NAO DISPONIVEL,-7,NAO DISPONIVEL,-7,NAO DISPONIVEL,2015,8,-7,NAO DISPONIVEL,3,1O GR INC - 1A A 4A SER INC,8,46 A 50 ANOS,M,2,1418.53
-7,NAO DISPONIVEL,-7,NAO DISPONIVEL,-7,NAO DISPONIVEL,-7,NAO DISPONIVEL,-7,NAO DISPONIVEL,-7,NAO DISPONIVEL,-7,NAO DISPONIVEL,2015,9,-7,NAO DISPONIVEL,3,1O GR INC - 1A A 4A SER INC,8,46 A 50 ANOS,F,1,2948.35
-7,NAO DISPONIVEL,-7,NAO DISPONIVEL,-7,NAO DISPONIVEL,-7,NAO DISPONIVEL,-7,NAO DISPONIVEL,-7,NAO DISPONIVEL,-7,NAO DISPONIVEL,2015,9,-7,NAO DISPONIVEL,3,1O GR INC - 1A A 4A SER INC,8,46 A 50 ANOS,M,2,1418.53
-7,NAO DISPONIVEL,-7,NAO DISPONIVEL,-7,NAO DISPONIVEL,-7,NAO DISPONIVEL,-7,NAO DISPONIVEL,-7,NAO DISPONIVEL,-7,NAO DISPONIVEL,2015,10,-7,NAO DISPONIVEL,3,1O GR INC - 1A A 4A SER INC,8,46 A 50 ANOS,F,1,2948.35
-7,NAO DISPONIVEL,-7,NAO DISPONIVEL,-7,NAO DISPONIVEL,-7,NAO DISPONIVEL,-7,NAO DISPONIVEL,-7,NAO DISPONIVEL,-7,NAO DISPONIVEL,2015,10,-7,NAO DISPONIVEL,3,1O GR INC - 1A A 4A SER INC,8,46 A 50 ANOS,M,11,34633.33
-7,NAO DISPONIVEL,-7,NAO DISPONIVEL,-7,NAO DISPONIVEL,-7,NAO DISPONIVEL,-7,NAO DISPONIVEL,-7,NAO DISPONIVEL,-7,NAO DISPONIVEL,2015,11,-7,NAO DISPONIVEL,3,1O GR INC - 1A A 4A SER INC,8,46 A 50 ANOS,F,1,2898.4
-7,NAO DISPONIVEL,-7,NAO DISPONIVEL,-7,NAO DISPONIVEL,-7,NAO DISPONIVEL,-7,NAO DISPONIVEL,-7,NAO DISPONIVEL,-7,NAO DISPONIVEL,2015,11,-7,NAO DISPONIVEL,3,1O GR INC - 1A A 4A SER INC,8,46 A 50 ANOS,M,11,34633.33
-7,NAO DISPONIVEL,-7,NAO DISPONIVEL,-7,NAO DISPONIVEL,-7,NAO DISPONIVEL,-7,NAO DISPONIVEL,-7,NAO DISPONIVEL,-7,NAO DISPONIVEL,2015,12,-7,NAO DISPONIVEL,3,1O GR INC - 1A A 4A SER INC,8,46 A 50 ANOS,F,1,2948.35
-7,NAO DISPONIVEL,-7,NAO DISPONIVEL,-7,NAO DISPONIVEL,-7,NAO DISPONIVEL,-7,NAO DISPONIVEL,-7,NAO DISPONIVEL,-7,NAO DISPONIVEL,2015,12,-7,NAO DISPONIVEL,3,1O GR INC - 1A A 4A SER INC,8,46 A 50 ANOS,M,2,1418.53
-7,NAO DISPONIVEL,-7,NAO DISPONIVEL,-7,NAO DISPONIVEL,-7,NAO DISPONIVEL,-7,NAO DISPONIVEL,-7,NAO DISPONIVEL,-7,NAO DISPONIVEL,2015,1,-7,NAO DISPONIVEL,3,1O GR INC - 1A A 4A SER INC,9,51 A 55 ANOS,M,4,19528.58
-7,NAO DISPONIVEL,-7,NAO DISPONIVEL,-7,NAO DISPONIVEL,-7,NAO DISPONIVEL,-7,NAO DISPONIVEL,-7,NAO DISPONIVEL,-7,NAO DISPONIVEL,2015,2,-7,NAO DISPONIVEL,3,1O GR INC - 1A A 4A SER INC,9,51 A 55 ANOS,M,4,13398.26
-7,NAO DISPONIVEL,-7,NAO DISPONIVEL,-7,NAO DISPONIVEL,-7,NAO DISPONIVEL,-7,NAO DISPONIVEL,-7,NAO DISPONIVEL,-7,NAO DISPONIVEL,2015,3,-7,NAO DISPONIVEL,3,1O GR INC - 1A A 4A SER INC,9,51 A 55 ANOS,M,4,9163.44
-7,NAO DISPONIVEL,-7,NAO DISPONIVEL,-7,NAO DISPONIVEL,-7,NAO DISPONIVEL,-7,NAO DISPONIVEL,-7,NAO DISPONIVEL,-7,NAO DISPONIVEL,2015,4,-7,NAO DISPONIVEL,3,1O GR INC - 1A A 4A SER INC,9,51 A 55 ANOS,M,4,14232.75
-7,NAO DISPONIVEL,-7,NAO DISPONIVEL,-7,NAO DISPONIVEL,-7,NAO DISPONIVEL,-7,NAO DISPONIVEL,-7,NAO DISPONIVEL,-7,NAO DISPONIVEL,2015,5,-7,NAO DISPONIVEL,3,1O GR INC - 1A A 4A SER INC,9,51 A 55 ANOS,M,5,15056.52
-7,NAO DISPONIVEL,-7,NAO DISPONIVEL,-7,NAO DISPONIVEL,-7,NAO DISPONIVEL,-7,NAO DISPONIVEL,-7,NAO DISPONIVEL,-7,NAO DISPONIVEL,2015,6,-7,NAO DISPONIVEL,3,1O GR INC - 1A A 4A SER INC,9,51 A 55 ANOS,M,5,15056.52
-7,NAO DISPONIVEL,-7,NAO DISPONIVEL,-7,NAO DISPONIVEL,-7,NAO DISPONIVEL,-7,NAO DISPONIVEL,-7,NAO DISPONIVEL,-7,NAO DISPONIVEL,2015,7,-7,NAO DISPONIVEL,3,1O GR INC - 1A A 4A SER INC,9,51 A 55 ANOS,M,5,15172.86
-7,NAO DISPONIVEL,-7,NAO DISPONIVEL,-7,NAO DISPONIVEL,-7,NAO DISPONIVEL,-7,NAO DISPONIVEL,-7,NAO DISPONIVEL,-7,NAO DISPONIVEL,2015,8,-7,NAO DISPONIVEL,3,1O GR INC - 1A A 4A SER INC,9,51 A 55 ANOS,M,4,13327.47
-7,NAO DISPONIVEL,-7,NAO DISPONIVEL,-7,NAO DISPONIVEL,-7,NAO DISPONIVEL,-7,NAO DISPONIVEL,-7,NAO DISPONIVEL,-7,NAO DISPONIVEL,2015,9,-7,NAO DISPONIVEL,3,1O GR INC - 1A A 4A SER INC,9,51 A 55 ANOS,M,5,14257.32
-7,NAO DISPONIVEL,-7,NAO DISPONIVEL,-7,NAO DISPONIVEL,-7,NAO DISPONIVEL,-7,NAO DISPONIVEL,-7,NAO DISPONIVEL,-7,NAO DISPONIVEL,2015,10,-7,NAO DISPONIVEL,3,1O GR INC - 1A A 4A SER INC,9,51 A 55 ANOS,M,21,67343.34
-7,NAO DISPONIVEL,-7,NAO DISPONIVEL,-7,NAO DISPONIVEL,-7,NAO DISPONIVEL,-7,NAO DISPONIVEL,-7,NAO DISPONIVEL,-7,NAO DISPONIVEL,2015,11,-7,NAO DISPONIVEL,3,1O GR INC - 1A A 4A SER INC,9,51 A 55 ANOS,M,21,67607.44
-7,NAO DISPONIVEL,-7,NAO DISPONIVEL,-7,NAO DISPONIVEL,-7,NAO DISPONIVEL,-7,NAO DISPONIVEL,-7,NAO DISPONIVEL,-7,NAO DISPONIVEL,2015,12,-7,NAO DISPONIVEL,3,1O GR INC - 1A A 4A SER INC,9,51 A 55 ANOS,M,5,15690.15
-7,NAO DISPONIVEL,-7,NAO DISPONIVEL,-7,NAO DISPONIVEL,-7,NAO DISPONIVEL,-7,NAO DISPONIVEL,-7,NAO DISPONIVEL,-7,NAO DISPONIVEL,2015,1,-7,NAO DISPONIVEL,3,1O GR INC - 1A A 4A SER INC,10,56 A 60 ANOS,F,3,6968.3
-7,NAO DISPONIVEL,-7,NAO DISPONIVEL,-7,NAO DISPONIVEL,-7,NAO DISPONIVEL,-7,NAO DISPONIVEL,-7,NAO DISPONIVEL,-7,NAO DISPONIVEL,2015,1,-7,NAO DISPONIVEL,3,1O GR INC - 1A A 4A SER INC,10,56 A 60 ANOS,M,4,13776.98
-7,NAO DISPONIVEL,-7,NAO DISPONIVEL,-7,NAO DISPONIVEL,-7,NAO DISPONIVEL,-7,NAO DISPONIVEL,-7,NAO DISPONIVEL,-7,NAO DISPONIVEL,2015,2,-7,NAO DISPONIVEL,3,1O GR INC - 1A A 4A SER INC,10,56 A 60 ANOS,F,3,2666.63
-7,NAO DISPONIVEL,-7,NAO DISPONIVEL,-7,NAO DISPONIVEL,-7,NAO DISPONIVEL,-7,NAO DISPONIVEL,-7,NAO DISPONIVEL,-7,NAO DISPONIVEL,2015,2,-7,NAO DISPONIVEL,3,1O GR INC - 1A A 4A SER INC,10,56 A 60 ANOS,M,3,7251.94
-7,NAO DISPONIVEL,-7,NAO DISPONIVEL,-7,NAO DISPONIVEL,-7,NAO DISPONIVEL,-7,NAO DISPONIVEL,-7,NAO DISPONIVEL,-7,NAO DISPONIVEL,2015,3,-7,NAO DISPONIVEL,3,1O GR INC - 1A A 4A SER INC,10,56 A 60 ANOS,F,3,1779.78
-7,NAO DISPONIVEL,-7,NAO DISPONIVEL,-7,NAO DISPONIVEL,-7,NAO DISPONIVEL,-7,NAO DISPONIVEL,-7,NAO DISPONIVEL,-7,NAO DISPONIVEL,2015,3,-7,NAO DISPONIVEL,3,1O GR INC - 1A A 4A SER INC,10,56 A 60 ANOS,M,3,7397.54
-7,NAO DISPONIVEL,-7,NAO DISPONIVEL,-7,NAO DISPONIVEL,-7,NAO DISPONIVEL,-7,NAO DISPONIVEL,-7,NAO DISPONIVEL,-7,NAO DISPONIVEL,2015,4,-7,NAO DISPONIVEL,3,1O GR INC - 1A A 4A SER INC,10,56 A 60 ANOS,F,3,3048.67
-7,NAO DISPONIVEL,-7,NAO DISPONIVEL,-7,NAO DISPONIVEL,-7,NAO DISPONIVEL,-7,NAO DISPONIVEL,-7,NAO DISPONIVEL,-7,NAO DISPONIVEL,2015,4,-7,NAO DISPONIVEL,3,1O GR INC - 1A A 4A SER INC,10,56 A 60 ANOS,M,3,7380.79
-7,NAO DISPONIVEL,-7,NAO DISPONIVEL,-7,NAO DISPONIVEL,-7,NAO DISPONIVEL,-7,NAO DISPONIVEL,-7,NAO DISPONIVEL,-7,NAO DISPONIVEL,2015,5,-7,NAO DISPONIVEL,3,1O GR INC - 1A A 4A SER INC,10,56 A 60 ANOS,F,3,3048.67
-7,NAO DISPONIVEL,-7,NAO DISPONIVEL,-7,NAO DISPONIVEL,-7,NAO DISPONIVEL,-7,NAO DISPONIVEL,-7,NAO DISPONIVEL,-7,NAO DISPONIVEL,2015,5,-7,NAO DISPONIVEL,3,1O GR INC - 1A A 4A SER INC,10,56 A 60 ANOS,M,3,7309.14
-7,NAO DISPONIVEL,-7,NAO DISPONIVEL,-7,NAO DISPONIVEL,-7,NAO DISPONIVEL,-7,NAO DISPONIVEL,-7,NAO DISPONIVEL,-7,NAO DISPONIVEL,2015,6,-7,NAO DISPONIVEL,3,1O GR INC - 1A A 4A SER INC,10,56 A 60 ANOS,F,3,3048.67
-7,NAO DISPONIVEL,-7,NAO DISPONIVEL,-7,NAO DISPONIVEL,-7,NAO DISPONIVEL,-7,NAO DISPONIVEL,-7,NAO DISPONIVEL,-7,NAO DISPONIVEL,2015,5,-7,NAO DISPONIVEL,5,1O GR INC - 5A A 8A SER INC,3,19 A 25 ANOS,F,9,38422.28
-7,NAO DISPONIVEL,-7,NAO DISPONIVEL,-7,NAO DISPONIVEL,-7,NAO DISPONIVEL,-7,NAO DISPONIVEL,-7,NAO DISPONIVEL,-7,NAO DISPONIVEL,2015,5,-7,NAO DISPONIVEL,5,1O GR INC - 5A A 8A SER INC,3,19 A 25 ANOS,M,36,112654.78
-7,NAO DISPONIVEL,-7,NAO DISPONIVEL,-7,NAO DISPONIVEL,-7,NAO DISPONIVEL,-7,NAO DISPONIVEL,-7,NAO DISPONIVEL,-7,NAO DISPONIVEL,2015,6,-7,NAO DISPONIVEL,5,1O GR INC - 5A A 8A SER INC,3,19 A 25 ANOS,F,8,36975.28
-7,NAO DISPONIVEL,-7,NAO DISPONIVEL,-7,NAO DISPONIVEL,-7,NAO DISPONIVEL,-7,NAO DISPONIVEL,-7,NAO DISPONIVEL,-7,NAO DISPONIVEL,2015,6,-7,NAO DISPONIVEL,5,1O GR INC - 5A A 8A SER INC,3,19 A 25 ANOS,M,50,134909.62
-7,NAO DISPONIVEL,-7,NAO DISPONIVEL,-7,NAO DISPONIVEL,-7,NAO DISPONIVEL,-7,NAO DISPONIVEL,-7,NAO DISPONIVEL,-7,NAO DISPONIVEL,2015,7,-7,NAO DISPONIVEL,5,1O GR INC - 5A A 8A SER INC,3,19 A 25 ANOS,F,7,30004.58
-7,NAO DISPONIVEL,-7,NAO DISPONIVEL,-7,NAO DISPONIVEL,-7,NAO DISPONIVEL,-7,NAO DISPONIVEL,-7,NAO DISPONIVEL,-7,NAO DISPONIVEL,2015,7,-7,NAO DISPONIVEL,5,1O GR INC - 5A A 8A SER INC,3,19 A 25 ANOS,M,52,132251.26
-7,NAO DISPONIVEL,-7,NAO DISPONIVEL,-7,NAO DISPONIVEL,-7,NAO DISPONIVEL,-7,NAO DISPONIVEL,-7,NAO DISPONIVEL,-7,NAO DISPONIVEL,2015,8,-7,NAO DISPONIVEL,5,1O GR INC - 5A A 8A SER INC,3,19 A 25 ANOS,F,5,24680.14
-7,NAO DISPONIVEL,-7,NAO DISPONIVEL,-7,NAO DISPONIVEL,-7,NAO DISPONIVEL,-7,NAO DISPONIVEL,-7,NAO DISPONIVEL,-7,NAO DISPONIVEL,2015,8,-7,NAO DISPONIVEL,5,1O GR INC - 5A A 8A SER INC,3,19 A 25 ANOS,M,57,126326.98
-7,NAO DISPONIVEL,-7,NAO DISPONIVEL,-7,NAO DISPONIVEL,-7,NAO DISPONIVEL,-7,NAO DISPONIVEL,-7,NAO DISPONIVEL,-7,NAO DISPONIVEL,2015,9,-7,NAO DISPONIVEL,5,1O GR INC - 5A A 8A SER INC,3,19 A 25 ANOS,F,4,21819.39
-7,NAO DISPONIVEL,-7,NAO DISPONIVEL,-7,NAO DISPONIVEL,-7,NAO DISPONIVEL,-7,NAO DISPONIVEL,-7,NAO DISPONIVEL,-7,NAO DISPONIVEL,2015,9,-7,NAO DISPONIVEL,5,1O GR INC - 5A A 8A SER INC,3,19 A 25 ANOS,M,56,125366.04
-7,NAO DISPONIVEL,-7,NAO DISPONIVEL,-7,NAO DISPONIVEL,-7,NAO DISPONIVEL,-7,NAO DISPONIVEL,-7,NAO DISPONIVEL,-7,NAO DISPONIVEL,2015,10,-7,NAO DISPONIVEL,5,1O GR INC - 5A A 8A SER INC,3,19 A 25 ANOS,F,3,12936.86
-7,NAO DISPONIVEL,-7,NAO DISPONIVEL,-7,NAO DISPONIVEL,-7,NAO DISPONIVEL,-7,NAO DISPONIVEL,-7,NAO DISPONIVEL,-7,NAO DISPONIVEL,2015,10,-7,NAO DISPONIVEL,5,1O GR INC - 5A A 8A SER INC,3,19 A 25 ANOS,M,54,133647.32
-7,NAO DISPONIVEL,-7,NAO DISPONIVEL,-7,NAO DISPONIVEL,-7,NAO DISPONIVEL,-7,NAO DISPONIVEL,-7,NAO DISPONIVEL,-7,NAO DISPONIVEL,2015,11,-7,NAO DISPONIVEL,5,1O GR INC - 5A A 8A SER INC,3,19 A 25 ANOS,F,3,13590.2
-7,NAO DISPONIVEL,-7,NAO DISPONIVEL,-7,NAO DISPONIVEL,-7,NAO DISPONIVEL,-7,NAO DISPONIVEL,-7,NAO DISPONIVEL,-7,NAO DISPONIVEL,2015,11,-7,NAO DISPONIVEL,5,1O GR INC - 5A A 8A SER INC,3,19 A 25 ANOS,M,47,86846.21
-7,NAO DISPONIVEL,-7,NAO DISPONIVEL,-7,NAO DISPONIVEL,-7,NAO DISPONIVEL,-7,NAO DISPONIVEL,-7,NAO DISPONIVEL,-7,NAO DISPONIVEL,2015,12,-7,NAO DISPONIVEL,5,1O GR INC - 5A A 8A SER INC,3,19 A 25 ANOS,F,3,20010.59
-7,NAO DISPONIVEL,-7,NAO DISPONIVEL,-7,NAO DISPONIVEL,-7,NAO DISPONIVEL,-7,NAO DISPONIVEL,-7,NAO DISPONIVEL,-7,NAO DISPONIVEL,2015,12,-7,NAO DISPONIVEL,5,1O GR INC - 5A A 8A SER INC,3,19 A 25 ANOS,M,28,71593.52
-7,NAO DISPONIVEL,-7,NAO DISPONIVEL,-7,NAO DISPONIVEL,-7,NAO DISPONIVEL,-7,NAO DISPONIVEL,-7,NAO DISPONIVEL,-7,NAO DISPONIVEL,2015,1,-7,NAO DISPONIVEL,5,1O GR INC - 5A A 8A SER INC,4,26 A 30 ANOS,F,2,4051.11
